ISO-10303-21;
HEADER;
FILE_DESCRIPTION (( 'STEP AP203' ),
    '1' );
FILE_NAME ('bottom.STEP',
    '2025-09-23T16:03:08',
    ( '' ),
    ( '' ),
    'SwSTEP 2.0',
    'SolidWorks 2019',
    '' );
FILE_SCHEMA (( 'CONFIG_CONTROL_DESIGN' ));
ENDSEC;

DATA;
#1 = EDGE_CURVE ( 'NONE', #2004, #268, #898, .T. ) ;
#2 = DIRECTION ( 'NONE',  ( 0.000000000000000000, 0.000000000000000000, 1.000000000000000000 ) ) ;
#3 = CARTESIAN_POINT ( 'NONE',  ( 42.10000000000000142, 1.649999999999999467, 44.57279220613578730 ) ) ;
#4 = EDGE_CURVE ( 'NONE', #1851, #2570, #483, .T. ) ;
#5 = DIRECTION ( 'NONE',  ( 0.000000000000000000, 0.000000000000000000, -1.000000000000000000 ) ) ;
#6 = LINE ( 'NONE', #605, #2492 ) ;
#7 = EDGE_LOOP ( 'NONE', ( #2371, #1574, #1934, #1002 ) ) ;
#8 = ORIENTED_EDGE ( 'NONE', *, *, #2626, .F. ) ;
#9 = DIRECTION ( 'NONE',  ( 0.000000000000000000, 0.000000000000000000, -1.000000000000000000 ) ) ;
#10 = CARTESIAN_POINT ( 'NONE',  ( 54.90000000000000568, 3.850000000000000089, 43.89999999999997726 ) ) ;
#11 = LINE ( 'NONE', #1813, #842 ) ;
#12 = ORIENTED_EDGE ( 'NONE', *, *, #2581, .T. ) ;
#13 = FACE_OUTER_BOUND ( 'NONE', #560, .T. ) ;
#14 = EDGE_CURVE ( 'NONE', #1711, #2550, #1519, .T. ) ;
#15 = PLANE ( 'NONE',  #1922 ) ;
#16 = CYLINDRICAL_SURFACE ( 'NONE', #2368, 2.000000000000001776 ) ;
#17 = PLANE ( 'NONE',  #2191 ) ;
#18 = EDGE_LOOP ( 'NONE', ( #1104, #547 ) ) ;
#19 = EDGE_CURVE ( 'NONE', #281, #992, #1935, .T. ) ;
#20 = FACE_OUTER_BOUND ( 'NONE', #701, .T. ) ;
#21 = VERTEX_POINT ( 'NONE', #1316 ) ;
#22 = AXIS2_PLACEMENT_3D ( 'NONE', #314, #737, #1158 ) ;
#23 = PLANE ( 'NONE',  #1444 ) ;
#24 = LINE ( 'NONE', #1204, #2273 ) ;
#25 = VERTEX_POINT ( 'NONE', #2141 ) ;
#26 = PRODUCT_DEFINITION ( '未知', '', #305, #60 ) ;
#27 = AXIS2_PLACEMENT_3D ( 'NONE', #1342, #277, #1945 ) ;
#28 = DIRECTION ( 'NONE',  ( 0.000000000000000000, 0.000000000000000000, -1.000000000000000000 ) ) ;
#29 = COORDINATED_UNIVERSAL_TIME_OFFSET ( 8, 0, .AHEAD. ) ;
#30 = LINE ( 'NONE', #632, #885 ) ;
#31 = AXIS2_PLACEMENT_3D ( 'NONE', #1213, #191, #2103 ) ;
#32 = CARTESIAN_POINT ( 'NONE',  ( -37.40000000000000568, 0.8500000000000000888, 14.75000000000000533 ) ) ;
#33 = DIRECTION ( 'NONE',  ( -0.000000000000000000, 0.000000000000000000, -1.000000000000000000 ) ) ;
#34 = AXIS2_PLACEMENT_3D ( 'NONE', #1007, #2066, #793 ) ;
#35 = DIRECTION ( 'NONE',  ( 1.000000000000000000, 0.000000000000000000, 0.000000000000000000 ) ) ;
#36 = VERTEX_POINT ( 'NONE', #1504 ) ;
#37 = VECTOR ( 'NONE', #2284, 1000.000000000000000 ) ;
#38 = LINE ( 'NONE', #2088, #2479 ) ;
#39 = CARTESIAN_POINT ( 'NONE',  ( 52.90000000000000568, 3.850000000000000089, 43.89999999999999147 ) ) ;
#40 = ORIENTED_EDGE ( 'NONE', *, *, #959, .F. ) ;
#41 = DIRECTION ( 'NONE',  ( 0.000000000000000000, -1.000000000000000000, 0.000000000000000000 ) ) ;
#42 = VERTEX_POINT ( 'NONE', #2331 ) ;
#43 = ORIENTED_EDGE ( 'NONE', *, *, #275, .F. ) ;
#44 = CARTESIAN_POINT ( 'NONE',  ( -7.499999999999985789, -2.600000000000000533, -35.74999999999997868 ) ) ;
#45 = ORIENTED_EDGE ( 'NONE', *, *, #2189, .T. ) ;
#46 = CARTESIAN_POINT ( 'NONE',  ( -2.100000000000000089, 3.850000000000000089, 43.29999999999999716 ) ) ;
#47 = PLANE ( 'NONE',  #2006 ) ;
#48 = CARTESIAN_POINT ( 'NONE',  ( -28.49999999999999289, -2.600000000000000533, 40.89999999999999858 ) ) ;
#49 = FACE_OUTER_BOUND ( 'NONE', #607, .T. ) ;
#50 = ORIENTED_EDGE ( 'NONE', *, *, #194, .T. ) ;
#51 = PLANE ( 'NONE',  #1965 ) ;
#52 = VERTEX_POINT ( 'NONE', #1302 ) ;
#53 = DIRECTION ( 'NONE',  ( 0.000000000000000000, -0.000000000000000000, -1.000000000000000000 ) ) ;
#54 = PLANE ( 'NONE',  #895 ) ;
#55 = ORIENTED_EDGE ( 'NONE', *, *, #1445, .F. ) ;
#56 = EDGE_CURVE ( 'NONE', #235, #713, #667, .T. ) ;
#57 = VERTEX_POINT ( 'NONE', #73 ) ;
#58 = DIRECTION ( 'NONE',  ( -0.000000000000000000, 1.000000000000000000, -0.000000000000000000 ) ) ;
#59 = ORIENTED_EDGE ( 'NONE', *, *, #1446, .F. ) ;
#60 = DESIGN_CONTEXT ( 'detailed design', #779, 'design' ) ;
#61 = DIRECTION ( 'NONE',  ( -1.000000000000000000, 0.000000000000000000, 0.000000000000000000 ) ) ;
#62 = DIRECTION ( 'NONE',  ( 0.000000000000000000, 0.000000000000000000, -1.000000000000000000 ) ) ;
#63 = DIRECTION ( 'NONE',  ( 0.000000000000000000, 1.000000000000000000, 0.000000000000000000 ) ) ;
#64 = ORIENTED_EDGE ( 'NONE', *, *, #1001, .F. ) ;
#65 = CARTESIAN_POINT ( 'NONE',  ( -52.89999999999997726, 3.850000000000000089, 45.89999999999999858 ) ) ;
#66 = DIRECTION ( 'NONE',  ( -0.000000000000000000, 1.000000000000000000, -0.000000000000000000 ) ) ;
#67 = DIRECTION ( 'NONE',  ( 1.000000000000000000, 0.000000000000000000, 0.000000000000000000 ) ) ;
#68 = ORIENTED_EDGE ( 'NONE', *, *, #658, .F. ) ;
#69 = CARTESIAN_POINT ( 'NONE',  ( -26.49999999999999645, 0.000000000000000000, 2.249999999999997780 ) ) ;
#70 = EDGE_CURVE ( 'NONE', #476, #1984, #2651, .T. ) ;
#71 = VECTOR ( 'NONE', #651, 1000.000000000000000 ) ;
#72 = ORIENTED_EDGE ( 'NONE', *, *, #777, .T. ) ;
#73 = CARTESIAN_POINT ( 'NONE',  ( 43.50000000000001421, -2.600000000000000533, 6.750000000000019540 ) ) ;
#74 = CYLINDRICAL_SURFACE ( 'NONE', #624, 1.099999999999996758 ) ;
#75 = AXIS2_PLACEMENT_3D ( 'NONE', #1217, #2236, #382 ) ;
#76 = EDGE_CURVE ( 'NONE', #1928, #1999, #1495, .T. ) ;
#77 = AXIS2_PLACEMENT_3D ( 'NONE', #198, #1010, #1832 ) ;
#78 = PLANE ( 'NONE',  #1649 ) ;
#79 = CIRCLE ( 'NONE', #1749, 2.500000000000002220 ) ;
#80 = CIRCLE ( 'NONE', #1923, 2.499999999999998668 ) ;
#81 = CARTESIAN_POINT ( 'NONE',  ( 46.50000000000000711, 15.16370849898475193, 0.7500000000000075495 ) ) ;
#82 = ORIENTED_EDGE ( 'NONE', *, *, #381, .T. ) ;
#83 = CARTESIAN_POINT ( 'NONE',  ( -37.90000000000000568, 3.850000000000000089, 43.29999999999999716 ) ) ;
#84 = AXIS2_PLACEMENT_3D ( 'NONE', #907, #704, #2422 ) ;
#85 = PLANE ( 'NONE',  #753 ) ;
#86 = CC_DESIGN_PERSON_AND_ORGANIZATION_ASSIGNMENT ( #2425, #566, ( #305 ) ) ;
#87 = VECTOR ( 'NONE', #1062, 1000.000000000000000 ) ;
#88 = PLANE ( 'NONE',  #2397 ) ;
#89 = AXIS2_PLACEMENT_3D ( 'NONE', #1630, #1055, #449 ) ;
#90 = CARTESIAN_POINT ( 'NONE',  ( 42.10000000000000142, 2.922792206135786053, 43.29999999999999716 ) ) ;
#91 = EDGE_LOOP ( 'NONE', ( #706, #1515 ) ) ;
#92 = CARTESIAN_POINT ( 'NONE',  ( -7.499999999999985789, 0.000000000000000000, -39.74999999999997868 ) ) ;
#93 = LOCAL_TIME ( 0, 3, 8.000000000000000000, #29 ) ;
#94 = ORIENTED_EDGE ( 'NONE', *, *, #1568, .T. ) ;
#95 = DIRECTION ( 'NONE',  ( -0.000000000000000000, 1.000000000000000000, -0.000000000000000000 ) ) ;
#96 = EDGE_CURVE ( 'NONE', #709, #1559, #888, .T. ) ;
#97 = FACE_OUTER_BOUND ( 'NONE', #353, .T. ) ;
#98 = CYLINDRICAL_SURFACE ( 'NONE', #1451, 3.999999999999998224 ) ;
#99 = EDGE_LOOP ( 'NONE', ( #230, #2302, #1335, #2065 ) ) ;
#100 = CARTESIAN_POINT ( 'NONE',  ( 12.50000000000001066, -2.600000000000000533, 6.250000000000008882 ) ) ;
#101 = ADVANCED_FACE ( 'NONE', ( #2554 ), #1340, .T. ) ;
#102 = CARTESIAN_POINT ( 'NONE',  ( -7.499999999999985789, 0.000000000000000000, -35.74999999999997868 ) ) ;
#103 = CARTESIAN_POINT ( 'NONE',  ( -37.40000000000000568, 12.33528137423857807, 8.750000000000003553 ) ) ;
#104 = CARTESIAN_POINT ( 'NONE',  ( 2.100000000000000089, 3.850000000000000089, 45.89999999999999858 ) ) ;
#105 = LINE ( 'NONE', #92, #1283 ) ;
#106 = ORIENTED_EDGE ( 'NONE', *, *, #461, .F. ) ;
#107 = DIRECTION ( 'NONE',  ( 0.000000000000000000, 1.000000000000000000, -0.000000000000000000 ) ) ;
#108 = CARTESIAN_POINT ( 'NONE',  ( 43.50000000000001421, 0.000000000000000000, 28.75000000000001776 ) ) ;
#109 = LINE ( 'NONE', #1933, #1500 ) ;
#110 = VERTEX_POINT ( 'NONE', #1141 ) ;
#111 = LINE ( 'NONE', #758, #1400 ) ;
#112 = EDGE_CURVE ( 'NONE', #1902, #772, #1955, .T. ) ;
#113 = DIRECTION ( 'NONE',  ( 0.000000000000000000, 0.000000000000000000, -1.000000000000000000 ) ) ;
#114 = CARTESIAN_POINT ( 'NONE',  ( -54.89999999999999147, 0.000000000000000000, -21.10000000000001563 ) ) ;
#115 = ORIENTED_EDGE ( 'NONE', *, *, #1327, .F. ) ;
#116 = LINE ( 'NONE', #2617, #934 ) ;
#117 = EDGE_CURVE ( 'NONE', #416, #25, #1227, .T. ) ;
#118 = CIRCLE ( 'NONE', #242, 3.000000000000002665 ) ;
#119 = LINE ( 'NONE', #755, #1839 ) ;
#120 = ORIENTED_EDGE ( 'NONE', *, *, #1371, .T. ) ;
#121 = AXIS2_PLACEMENT_3D ( 'NONE', #1238, #1864, #1883 ) ;
#122 = AXIS2_PLACEMENT_3D ( 'NONE', #2126, #2135, #276 ) ;
#123 = LINE ( 'NONE', #962, #969 ) ;
#124 = AXIS2_PLACEMENT_3D ( 'NONE', #741, #1390, #141 ) ;
#125 = ORIENTED_EDGE ( 'NONE', *, *, #2380, .T. ) ;
#126 = DIRECTION ( 'NONE',  ( -0.000000000000000000, 1.000000000000000000, -0.000000000000000000 ) ) ;
#127 = DIRECTION ( 'NONE',  ( 0.000000000000000000, -0.000000000000000000, -1.000000000000000000 ) ) ;
#128 = VECTOR ( 'NONE', #2199, 1000.000000000000000 ) ;
#129 = ORIENTED_EDGE ( 'NONE', *, *, #2475, .F. ) ;
#130 = VECTOR ( 'NONE', #2499, 1000.000000000000000 ) ;
#131 = CARTESIAN_POINT ( 'NONE',  ( -54.89999999999999147, 3.850000000000000089, -43.89999999999997726 ) ) ;
#132 = CIRCLE ( 'NONE', #339, 1.099999999999996758 ) ;
#133 = ORIENTED_EDGE ( 'NONE', *, *, #1909, .F. ) ;
#134 = CARTESIAN_POINT ( 'NONE',  ( -7.499999999999985789, -2.600000000000000533, -35.74999999999997868 ) ) ;
#135 = CARTESIAN_POINT ( 'NONE',  ( -37.39999999999999858, 2.649999999999999467, -16.74999999999999645 ) ) ;
#136 = DIRECTION ( 'NONE',  ( -1.000000000000000000, 0.000000000000000000, -2.775557561562890365E-16 ) ) ;
#137 = ORIENTED_EDGE ( 'NONE', *, *, #991, .F. ) ;
#138 = FACE_BOUND ( 'NONE', #223, .T. ) ;
#139 = EDGE_LOOP ( 'NONE', ( #2326, #2330 ) ) ;
#140 = ORIENTED_EDGE ( 'NONE', *, *, #684, .T. ) ;
#141 = DIRECTION ( 'NONE',  ( 0.000000000000000000, 0.000000000000000000, -1.000000000000000000 ) ) ;
#142 = EDGE_CURVE ( 'NONE', #1999, #2570, #2322, .T. ) ;
#143 = ORIENTED_EDGE ( 'NONE', *, *, #2649, .T. ) ;
#144 = DIRECTION ( 'NONE',  ( -0.000000000000000000, 1.000000000000000000, -0.000000000000000000 ) ) ;
#145 = CARTESIAN_POINT ( 'NONE',  ( -28.49999999999999289, -2.600000000000000533, 40.89999999999999858 ) ) ;
#146 = VERTEX_POINT ( 'NONE', #2264 ) ;
#147 = DIRECTION ( 'NONE',  ( 0.000000000000000000, -1.000000000000000000, 0.000000000000000000 ) ) ;
#148 = ORIENTED_EDGE ( 'NONE', *, *, #1568, .F. ) ;
#149 = DIRECTION ( 'NONE',  ( -0.000000000000000000, 1.000000000000000000, -0.000000000000000000 ) ) ;
#150 = ADVANCED_FACE ( 'NONE', ( #882 ), #440, .T. ) ;
#151 = FACE_BOUND ( 'NONE', #2391, .T. ) ;
#152 = EDGE_LOOP ( 'NONE', ( #203, #1940, #782, #820 ) ) ;
#153 = ADVANCED_FACE ( 'NONE', ( #412 ), #1239, .F. ) ;
#154 = DATE_TIME_ROLE ( 'creation_date' ) ;
#155 = ORIENTED_EDGE ( 'NONE', *, *, #508, .F. ) ;
#156 = DIRECTION ( 'NONE',  ( -0.000000000000000000, 1.000000000000000000, -0.000000000000000000 ) ) ;
#157 = EDGE_CURVE ( 'NONE', #2132, #843, #1889, .T. ) ;
#158 = AXIS2_PLACEMENT_3D ( 'NONE', #780, #1785, #1328 ) ;
#159 = DIRECTION ( 'NONE',  ( 0.000000000000000000, 0.000000000000000000, 1.000000000000000000 ) ) ;
#160 = AXIS2_PLACEMENT_3D ( 'NONE', #728, #925, #113 ) ;
#161 = EDGE_CURVE ( 'NONE', #1846, #699, #2256, .T. ) ;
#162 = ORIENTED_EDGE ( 'NONE', *, *, #2259, .F. ) ;
#163 = CARTESIAN_POINT ( 'NONE',  ( 42.50000000000002842, -2.600000000000000533, -39.74999999999997868 ) ) ;
#164 = VECTOR ( 'NONE', #2353, 1000.000000000000000 ) ;
#165 = ORIENTED_EDGE ( 'NONE', *, *, #1855, .T. ) ;
#166 = VECTOR ( 'NONE', #222, 1000.000000000000000 ) ;
#167 = DIRECTION ( 'NONE',  ( -0.000000000000000000, 1.000000000000000000, -0.000000000000000000 ) ) ;
#168 = DIRECTION ( 'NONE',  ( 0.000000000000000000, 0.000000000000000000, -1.000000000000000000 ) ) ;
#169 = ORIENTED_EDGE ( 'NONE', *, *, #616, .F. ) ;
#170 = VECTOR ( 'NONE', #1554, 1000.000000000000000 ) ;
#171 = EDGE_LOOP ( 'NONE', ( #1037, #474, #282, #673 ) ) ;
#172 = AXIS2_PLACEMENT_3D ( 'NONE', #193, #1244, #1426 ) ;
#173 = APPLICATION_PROTOCOL_DEFINITION ( 'international standard', 'config_control_design', 1994, #2354 ) ;
#174 = ORIENTED_EDGE ( 'NONE', *, *, #2666, .T. ) ;
#175 = EDGE_CURVE ( 'NONE', #772, #397, #1040, .T. ) ;
#176 = FACE_OUTER_BOUND ( 'NONE', #1698, .T. ) ;
#177 = CARTESIAN_POINT ( 'NONE',  ( -37.40000000000000568, 2.649999999999999467, 11.75000000000000533 ) ) ;
#178 = EDGE_CURVE ( 'NONE', #1896, #1902, #1052, .T. ) ;
#179 = ORIENTED_EDGE ( 'NONE', *, *, #175, .T. ) ;
#180 = DIRECTION ( 'NONE',  ( 0.000000000000000000, 0.000000000000000000, -1.000000000000000000 ) ) ;
#181 = DIRECTION ( 'NONE',  ( -0.000000000000000000, -1.000000000000000000, -0.000000000000000000 ) ) ;
#182 = EDGE_LOOP ( 'NONE', ( #638, #1268 ) ) ;
#183 = PERSON_AND_ORGANIZATION_ROLE ( 'design_owner' ) ;
#184 = PLANE ( 'NONE',  #1279 ) ;
#185 = CARTESIAN_POINT ( 'NONE',  ( -26.49999999999999645, 2.850000000000000089, 6.749999999999999112 ) ) ;
#186 = EDGE_CURVE ( 'NONE', #2109, #1809, #1343, .T. ) ;
#187 = DIRECTION ( 'NONE',  ( 0.000000000000000000, 0.000000000000000000, -1.000000000000000000 ) ) ;
#188 = ORIENTED_EDGE ( 'NONE', *, *, #231, .F. ) ;
#189 = EDGE_CURVE ( 'NONE', #1879, #110, #1392, .T. ) ;
#190 = CARTESIAN_POINT ( 'NONE',  ( -42.10000000000000853, 3.850000000000000089, 43.29999999999999716 ) ) ;
#191 = DIRECTION ( 'NONE',  ( -0.000000000000000000, 1.000000000000000000, -0.000000000000000000 ) ) ;
#192 = ORIENTED_EDGE ( 'NONE', *, *, #2383, .T. ) ;
#193 = CARTESIAN_POINT ( 'NONE',  ( 51.50000000000000711, 3.850000000000000089, -37.24999999999999289 ) ) ;
#194 = EDGE_CURVE ( 'NONE', #2629, #1886, #2096, .T. ) ;
#195 = CALENDAR_DATE ( 2025, 24, 9 ) ;
#196 = VERTEX_POINT ( 'NONE', #134 ) ;
#197 = VECTOR ( 'NONE', #2532, 1000.000000000000000 ) ;
#198 = CARTESIAN_POINT ( 'NONE',  ( 45.50000000000001421, -2.600000000000000533, 6.750000000000019540 ) ) ;
#199 = CYLINDRICAL_SURFACE ( 'NONE', #766, 2.499999999999998668 ) ;
#200 = ORIENTED_EDGE ( 'NONE', *, *, #854, .T. ) ;
#201 = AXIS2_PLACEMENT_3D ( 'NONE', #1691, #733, #1096 ) ;
#202 = AXIS2_PLACEMENT_3D ( 'NONE', #1950, #330, #2415 ) ;
#203 = ORIENTED_EDGE ( 'NONE', *, *, #536, .F. ) ;
#204 = CARTESIAN_POINT ( 'NONE',  ( 19.49999999999999289, 1.850000000000000977, 20.75000000000000711 ) ) ;
#205 = CIRCLE ( 'NONE', #1011, 4.500000000000001776 ) ;
#206 = DIRECTION ( 'NONE',  ( 0.000000000000000000, 0.000000000000000000, -1.000000000000000000 ) ) ;
#207 = DIRECTION ( 'NONE',  ( 0.000000000000000000, -0.000000000000000000, -1.000000000000000000 ) ) ;
#208 = VECTOR ( 'NONE', #2362, 1000.000000000000000 ) ;
#209 = ORIENTED_EDGE ( 'NONE', *, *, #1688, .T. ) ;
#210 = ADVANCED_FACE ( 'NONE', ( #1989 ), #184, .F. ) ;
#211 = AXIS2_PLACEMENT_3D ( 'NONE', #1610, #622, #1448 ) ;
#212 = DIRECTION ( 'NONE',  ( 0.000000000000000000, -1.000000000000000000, 0.000000000000000000 ) ) ;
#213 = AXIS2_PLACEMENT_3D ( 'NONE', #1026, #225, #400 ) ;
#214 = ORIENTED_EDGE ( 'NONE', *, *, #2462, .T. ) ;
#215 = AXIS2_PLACEMENT_3D ( 'NONE', #2260, #254, #405 ) ;
#216 = CYLINDRICAL_SURFACE ( 'NONE', #577, 2.500000000000000444 ) ;
#217 = PLANE ( 'NONE',  #2449 ) ;
#218 = FACE_OUTER_BOUND ( 'NONE', #2217, .T. ) ;
#219 = SECURITY_CLASSIFICATION ( '', '', #2067 ) ;
#220 = ORIENTED_EDGE ( 'NONE', *, *, #2083, .F. ) ;
#221 = CYLINDRICAL_SURFACE ( 'NONE', #2145, 4.500000000000001776 ) ;
#222 = DIRECTION ( 'NONE',  ( -0.000000000000000000, 1.000000000000000000, -0.000000000000000000 ) ) ;
#223 = EDGE_LOOP ( 'NONE', ( #1331, #2253 ) ) ;
#224 = ORIENTED_EDGE ( 'NONE', *, *, #2128, .F. ) ;
#225 = DIRECTION ( 'NONE',  ( -0.000000000000000000, -1.000000000000000000, -0.000000000000000000 ) ) ;
#226 = EDGE_CURVE ( 'NONE', #2440, #611, #419, .T. ) ;
#227 = CARTESIAN_POINT ( 'NONE',  ( 45.50000000000001421, -2.600000000000000533, 30.75000000000002132 ) ) ;
#228 = CARTESIAN_POINT ( 'NONE',  ( -7.499999999999985789, -2.600000000000000533, -37.74999999999997868 ) ) ;
#229 = DIRECTION ( 'NONE',  ( -0.000000000000000000, -1.000000000000000000, -0.000000000000000000 ) ) ;
#230 = ORIENTED_EDGE ( 'NONE', *, *, #591, .T. ) ;
#231 = EDGE_CURVE ( 'NONE', #1711, #771, #933, .T. ) ;
#232 = LINE ( 'NONE', #2290, #537 ) ;
#233 = PLANE ( 'NONE',  #977 ) ;
#234 = ORIENTED_EDGE ( 'NONE', *, *, #1114, .T. ) ;
#235 = VERTEX_POINT ( 'NONE', #2344 ) ;
#236 = CARTESIAN_POINT ( 'NONE',  ( 54.90000000000000568, 3.850000000000000089, 43.89999999999997726 ) ) ;
#237 = CARTESIAN_POINT ( 'NONE',  ( -1.499999999999994449, -2.600000000000000533, 38.89999999999999858 ) ) ;
#238 = PLANE ( 'NONE',  #1408 ) ;
#239 = CARTESIAN_POINT ( 'NONE',  ( -40.49999999999999289, 0.000000000000000000, -39.75000000000000000 ) ) ;
#240 = LINE ( 'NONE', #2490, #71 ) ;
#241 = ORIENTED_EDGE ( 'NONE', *, *, #2346, .T. ) ;
#242 = AXIS2_PLACEMENT_3D ( 'NONE', #135, #2359, #951 ) ;
#243 = CARTESIAN_POINT ( 'NONE',  ( 12.50000000000001066, -2.600000000000000533, 8.750000000000008882 ) ) ;
#244 = CYLINDRICAL_SURFACE ( 'NONE', #300, 2.000000000000001776 ) ;
#245 = AXIS2_PLACEMENT_3D ( 'NONE', #1545, #2373, #517 ) ;
#246 = VERTEX_POINT ( 'NONE', #83 ) ;
#247 = PLANE ( 'NONE',  #2229 ) ;
#248 = APPROVAL_STATUS ( 'not_yet_approved' ) ;
#249 = EDGE_LOOP ( 'NONE', ( #528, #12, #1315, #2621 ) ) ;
#250 = AXIS2_PLACEMENT_3D ( 'NONE', #2631, #1764, #781 ) ;
#251 = DIRECTION ( 'NONE',  ( -1.508455196501572169E-16, 0.000000000000000000, 1.000000000000000000 ) ) ;
#252 = AXIS2_PLACEMENT_3D ( 'NONE', #2292, #41, #2131 ) ;
#253 = DIRECTION ( 'NONE',  ( 0.000000000000000000, -1.000000000000000000, 0.000000000000000000 ) ) ;
#254 = DIRECTION ( 'NONE',  ( 0.000000000000000000, -1.000000000000000000, 0.000000000000000000 ) ) ;
#255 = ORIENTED_EDGE ( 'NONE', *, *, #410, .T. ) ;
#256 = CIRCLE ( 'NONE', #1664, 1.099999999999996758 ) ;
#257 = LINE ( 'NONE', #494, #1917 ) ;
#258 = ORIENTED_EDGE ( 'NONE', *, *, #2510, .T. ) ;
#259 = LOCAL_TIME ( 0, 3, 8.000000000000000000, #1380 ) ;
#260 = EDGE_CURVE ( 'NONE', #1984, #476, #2053, .T. ) ;
#261 = FACE_OUTER_BOUND ( 'NONE', #659, .T. ) ;
#262 = CARTESIAN_POINT ( 'NONE',  ( 46.50000000000000711, 15.16370849898475193, -3.249999999999990674 ) ) ;
#263 = VERTEX_POINT ( 'NONE', #1076 ) ;
#264 = CARTESIAN_POINT ( 'NONE',  ( -37.90000000000000568, 2.922792206135786053, 43.29999999999999716 ) ) ;
#265 = DIRECTION ( 'NONE',  ( 0.000000000000000000, 0.000000000000000000, 1.000000000000000000 ) ) ;
#266 = FACE_OUTER_BOUND ( 'NONE', #936, .T. ) ;
#267 = DIRECTION ( 'NONE',  ( -1.035655806553317576E-16, -0.000000000000000000, 1.000000000000000000 ) ) ;
#268 = VERTEX_POINT ( 'NONE', #507 ) ;
#269 = CARTESIAN_POINT ( 'NONE',  ( 43.50000000000001421, 0.000000000000000000, 6.750000000000019540 ) ) ;
#270 = ADVANCED_FACE ( 'NONE', ( #1347 ), #1721, .T. ) ;
#271 = EDGE_CURVE ( 'NONE', #1100, #341, #80, .T. ) ;
#272 = FACE_OUTER_BOUND ( 'NONE', #871, .T. ) ;
#273 = FACE_OUTER_BOUND ( 'NONE', #2466, .T. ) ;
#274 = ORIENTED_EDGE ( 'NONE', *, *, #14, .T. ) ;
#275 = EDGE_CURVE ( 'NONE', #1374, #1966, #1008, .T. ) ;
#276 = DIRECTION ( 'NONE',  ( 0.000000000000000000, 0.000000000000000000, -1.000000000000000000 ) ) ;
#277 = DIRECTION ( 'NONE',  ( -0.000000000000000000, 1.000000000000000000, -0.000000000000000000 ) ) ;
#278 = ADVANCED_FACE ( 'NONE', ( #2669 ), #608, .T. ) ;
#279 = LINE ( 'NONE', #1455, #292 ) ;
#280 = LINE ( 'NONE', #1756, #2239 ) ;
#281 = VERTEX_POINT ( 'NONE', #204 ) ;
#282 = ORIENTED_EDGE ( 'NONE', *, *, #1022, .F. ) ;
#283 = FACE_OUTER_BOUND ( 'NONE', #2212, .T. ) ;
#284 = CARTESIAN_POINT ( 'NONE',  ( -22.49999999999998579, 0.000000000000000000, -11.74999999999999289 ) ) ;
#285 = ORIENTED_EDGE ( 'NONE', *, *, #2269, .T. ) ;
#286 = LINE ( 'NONE', #1105, #87 ) ;
#287 = VECTOR ( 'NONE', #1701, 1000.000000000000000 ) ;
#288 = ORIENTED_EDGE ( 'NONE', *, *, #620, .T. ) ;
#289 = DIRECTION ( 'NONE',  ( 0.000000000000000000, -1.000000000000000000, 0.000000000000000000 ) ) ;
#290 = LINE ( 'NONE', #44, #1278 ) ;
#291 = EDGE_CURVE ( 'NONE', #1966, #713, #1017, .T. ) ;
#292 = VECTOR ( 'NONE', #677, 1000.000000000000000 ) ;
#293 = CARTESIAN_POINT ( 'NONE',  ( 51.50000000000000711, 3.850000000000000089, -37.24999999999999289 ) ) ;
#294 = AXIS2_PLACEMENT_3D ( 'NONE', #881, #1307, #1488 ) ;
#295 = DIRECTION ( 'NONE',  ( 0.000000000000000000, -1.000000000000000000, 0.000000000000000000 ) ) ;
#296 = ORIENTED_EDGE ( 'NONE', *, *, #1916, .F. ) ;
#297 = CARTESIAN_POINT ( 'NONE',  ( 19.49999999999998934, 32.45069929215019044, 43.75000000000000000 ) ) ;
#298 = AXIS2_PLACEMENT_3D ( 'NONE', #1177, #533, #1150 ) ;
#299 = DIRECTION ( 'NONE',  ( -0.000000000000000000, 1.000000000000000000, -0.000000000000000000 ) ) ;
#300 = AXIS2_PLACEMENT_3D ( 'NONE', #1926, #641, #1295 ) ;
#301 = VECTOR ( 'NONE', #541, 1000.000000000000000 ) ;
#302 = CARTESIAN_POINT ( 'NONE',  ( -40.49999999999999289, 1.850000000000000089, -39.89999999999999858 ) ) ;
#303 = ORIENTED_EDGE ( 'NONE', *, *, #428, .F. ) ;
#304 = LINE ( 'NONE', #441, #2276 ) ;
#305 = PRODUCT_DEFINITION_FORMATION_WITH_SPECIFIED_SOURCE ( '任何', '', #1977, .NOT_KNOWN. ) ;
#306 = ORIENTED_EDGE ( 'NONE', *, *, #161, .T. ) ;
#307 = DIRECTION ( 'NONE',  ( -0.000000000000000000, -1.000000000000000000, -0.000000000000000000 ) ) ;
#308 = VERTEX_POINT ( 'NONE', #100 ) ;
#309 = CARTESIAN_POINT ( 'NONE',  ( 36.49999999999999289, 0.000000000000000000, 20.75000000000001066 ) ) ;
#310 = ADVANCED_FACE ( 'NONE', ( #1643 ), #88, .F. ) ;
#311 = CARTESIAN_POINT ( 'NONE',  ( -40.49999999999999289, 3.850000000000000089, -39.89999999999999858 ) ) ;
#312 = ORIENTED_EDGE ( 'NONE', *, *, #1862, .T. ) ;
#313 = CARTESIAN_POINT ( 'NONE',  ( 51.50000000000000711, -2.600000000000000533, -37.24999999999999289 ) ) ;
#314 = CARTESIAN_POINT ( 'NONE',  ( 12.50000000000001066, 0.000000000000000000, 8.750000000000008882 ) ) ;
#315 = DIRECTION ( 'NONE',  ( 0.000000000000000000, 0.000000000000000000, -1.000000000000000000 ) ) ;
#316 = EDGE_CURVE ( 'NONE', #1980, #2248, #240, .T. ) ;
#317 = EDGE_LOOP ( 'NONE', ( #2226, #1481 ) ) ;
#318 = CARTESIAN_POINT ( 'NONE',  ( -30.89999999999999858, 0.000000000000000000, 45.89999999999999858 ) ) ;
#319 = LINE ( 'NONE', #768, #2360 ) ;
#320 = CARTESIAN_POINT ( 'NONE',  ( 52.90000000000000568, 3.850000000000000089, -43.89999999999999147 ) ) ;
#321 = ORIENTED_EDGE ( 'NONE', *, *, #1357, .T. ) ;
#322 = EDGE_CURVE ( 'NONE', #1737, #987, #451, .T. ) ;
#323 = DIRECTION ( 'NONE',  ( -0.000000000000000000, 1.000000000000000000, -0.000000000000000000 ) ) ;
#324 = ORIENTED_EDGE ( 'NONE', *, *, #1565, .F. ) ;
#325 = FACE_BOUND ( 'NONE', #2672, .T. ) ;
#326 = ORIENTED_EDGE ( 'NONE', *, *, #488, .F. ) ;
#327 = DIRECTION ( 'NONE',  ( 0.000000000000000000, 0.000000000000000000, -1.000000000000000000 ) ) ;
#328 = VECTOR ( 'NONE', #1857, 1000.000000000000000 ) ;
#329 = ORIENTED_EDGE ( 'NONE', *, *, #332, .T. ) ;
#330 = DIRECTION ( 'NONE',  ( -0.000000000000000000, 1.000000000000000000, -0.000000000000000000 ) ) ;
#331 = AXIS2_PLACEMENT_3D ( 'NONE', #1686, #2361, #1294 ) ;
#332 = EDGE_CURVE ( 'NONE', #1368, #2545, #878, .T. ) ;
#333 = CARTESIAN_POINT ( 'NONE',  ( -54.89999999999999147, 0.8500000000000009770, 43.89999999999997726 ) ) ;
#335 = EDGE_CURVE ( 'NONE', #1539, #2440, #257, .T. ) ;
#334 = CARTESIAN_POINT ( 'NONE',  ( -2.100000000000000089, 3.850000000000000089, 43.29999999999999716 ) ) ;
#336 = AXIS2_PLACEMENT_3D ( 'NONE', #2529, #1906, #62 ) ;
#337 = AXIS2_PLACEMENT_3D ( 'NONE', #1607, #1820, #1808 ) ;
#338 = LINE ( 'NONE', #2165, #374 ) ;
#339 = AXIS2_PLACEMENT_3D ( 'NONE', #1169, #986, #2014 ) ;
#340 = PERSON_AND_ORGANIZATION_ROLE ( 'creator' ) ;
#341 = VERTEX_POINT ( 'NONE', #1077 ) ;
#342 = DIRECTION ( 'NONE',  ( 0.000000000000000000, 0.000000000000000000, -1.000000000000000000 ) ) ;
#343 = LINE ( 'NONE', #1183, #804 ) ;
#344 = ADVANCED_FACE ( 'NONE', ( #20 ), #1088, .F. ) ;
#345 = ORIENTED_EDGE ( 'NONE', *, *, #2622, .T. ) ;
#346 = CARTESIAN_POINT ( 'NONE',  ( 46.50000000000000711, 0.000000000000000000, 0.7500000000000075495 ) ) ;
#347 = ORIENTED_EDGE ( 'NONE', *, *, #1540, .T. ) ;
#348 = EDGE_CURVE ( 'NONE', #2393, #263, #458, .T. ) ;
#349 = DIRECTION ( 'NONE',  ( 1.000000000000000000, -0.000000000000000000, -0.000000000000000000 ) ) ;
#350 = EDGE_LOOP ( 'NONE', ( #1747, #2524, #1621, #944 ) ) ;
#351 = FACE_OUTER_BOUND ( 'NONE', #867, .T. ) ;
#352 = APPROVAL_STATUS ( 'not_yet_approved' ) ;
#353 = EDGE_LOOP ( 'NONE', ( #810, #929, #2079, #2446 ) ) ;
#354 = ORIENTED_EDGE ( 'NONE', *, *, #1146, .T. ) ;
#355 = ADVANCED_FACE ( 'NONE', ( #283 ), #866, .T. ) ;
#356 = CYLINDRICAL_SURFACE ( 'NONE', #2310, 2.500000000000002220 ) ;
#357 = LINE ( 'NONE', #145, #2535 ) ;
#358 = ORIENTED_EDGE ( 'NONE', *, *, #2388, .T. ) ;
#359 = DIRECTION ( 'NONE',  ( 1.000000000000000000, 0.000000000000000000, 0.000000000000000000 ) ) ;
#360 = CARTESIAN_POINT ( 'NONE',  ( -54.89999999999999147, 0.8500000000000035305, -21.10000000000000853 ) ) ;
#361 = DIRECTION ( 'NONE',  ( -0.000000000000000000, -1.000000000000000000, -0.000000000000000000 ) ) ;
#362 = ORIENTED_EDGE ( 'NONE', *, *, #1001, .T. ) ;
#363 = ORIENTED_EDGE ( 'NONE', *, *, #2347, .T. ) ;
#364 = ADVANCED_FACE ( 'NONE', ( #1684 ), #85, .F. ) ;
#365 = CALENDAR_DATE ( 2025, 24, 9 ) ;
#366 = ORIENTED_EDGE ( 'NONE', *, *, #2133, .F. ) ;
#367 = ORIENTED_EDGE ( 'NONE', *, *, #194, .F. ) ;
#368 = AXIS2_PLACEMENT_3D ( 'NONE', #2180, #1532, #1974 ) ;
#369 = CARTESIAN_POINT ( 'NONE',  ( -37.40000000000000568, 2.649999999999999467, 11.75000000000000533 ) ) ;
#370 = AXIS2_PLACEMENT_3D ( 'NONE', #2616, #767, #827 ) ;
#371 = CARTESIAN_POINT ( 'NONE',  ( -54.89999999999999147, 0.000000000000000000, 43.89999999999997726 ) ) ;
#372 = CIRCLE ( 'NONE', #671, 2.500000000000002220 ) ;
#373 = ORIENTED_EDGE ( 'NONE', *, *, #1264, .T. ) ;
#374 = VECTOR ( 'NONE', #1142, 1000.000000000000000 ) ;
#375 = EDGE_LOOP ( 'NONE', ( #1205, #1301, #1790, #883 ) ) ;
#376 = VECTOR ( 'NONE', #1386, 1000.000000000000000 ) ;
#377 = FACE_OUTER_BOUND ( 'NONE', #99, .T. ) ;
#378 = CARTESIAN_POINT ( 'NONE',  ( -7.499999999999985789, 0.000000000000000000, -35.74999999999997868 ) ) ;
#379 = VECTOR ( 'NONE', #1648, 1000.000000000000000 ) ;
#380 = ORIENTED_EDGE ( 'NONE', *, *, #1291, .F. ) ;
#381 = EDGE_CURVE ( 'NONE', #1296, #598, #437, .T. ) ;
#382 = DIRECTION ( 'NONE',  ( 0.000000000000000000, 0.000000000000000000, -1.000000000000000000 ) ) ;
#383 = DIRECTION ( 'NONE',  ( 0.000000000000000000, 0.000000000000000000, -1.000000000000000000 ) ) ;
#384 = EDGE_LOOP ( 'NONE', ( #1466, #1729 ) ) ;
#385 = VERTEX_POINT ( 'NONE', #1262 ) ;
#386 = EDGE_CURVE ( 'NONE', #281, #2004, #2520, .T. ) ;
#387 = DIRECTION ( 'NONE',  ( -0.000000000000000000, 1.000000000000000000, -0.000000000000000000 ) ) ;
#388 = DIRECTION ( 'NONE',  ( 0.000000000000000000, -0.000000000000000000, -1.000000000000000000 ) ) ;
#389 = VERTEX_POINT ( 'NONE', #2127 ) ;
#390 = CARTESIAN_POINT ( 'NONE',  ( -30.89999999999999503, 0.000000000000000000, 7.693398113205679678 ) ) ;
#391 = DIRECTION ( 'NONE',  ( 0.000000000000000000, 0.000000000000000000, -1.000000000000000000 ) ) ;
#392 = PLANE ( 'NONE',  #215 ) ;
#393 = EDGE_CURVE ( 'NONE', #1192, #729, #2606, .T. ) ;
#394 = VERTEX_POINT ( 'NONE', #2086 ) ;
#395 = EDGE_CURVE ( 'NONE', #1387, #911, #1058, .T. ) ;
#396 = CARTESIAN_POINT ( 'NONE',  ( 36.49999999999999289, 1.850000000000000977, 43.75000000000002132 ) ) ;
#397 = VERTEX_POINT ( 'NONE', #852 ) ;
#398 = CARTESIAN_POINT ( 'NONE',  ( -7.499999999999985789, -2.600000000000000533, -39.74999999999997868 ) ) ;
#399 = VERTEX_POINT ( 'NONE', #1672 ) ;
#400 = DIRECTION ( 'NONE',  ( 0.000000000000000000, 0.000000000000000000, 1.000000000000000000 ) ) ;
#401 = DATE_TIME_ROLE ( 'classification_date' ) ;
#402 = VECTOR ( 'NONE', #681, 1000.000000000000000 ) ;
#403 = CARTESIAN_POINT ( 'NONE',  ( 47.50000000000001421, -2.600000000000000533, 28.75000000000001776 ) ) ;
#404 = CARTESIAN_POINT ( 'NONE',  ( 37.89999999999999858, 2.922792206135786053, 43.29999999999999716 ) ) ;
#405 = DIRECTION ( 'NONE',  ( 0.000000000000000000, -0.000000000000000000, -1.000000000000000000 ) ) ;
#406 = VECTOR ( 'NONE', #1471, 1000.000000000000000 ) ;
#407 = ADVANCED_FACE ( 'NONE', ( #2505 ), #51, .F. ) ;
#408 = EDGE_LOOP ( 'NONE', ( #958, #1404, #1767, #650 ) ) ;
#409 = CIRCLE ( 'NONE', #1151, 2.000000000000001776 ) ;
#410 = EDGE_CURVE ( 'NONE', #246, #385, #469, .T. ) ;
#411 = CARTESIAN_POINT ( 'NONE',  ( 36.49999999999999289, 1.850000000000000977, 43.75000000000002132 ) ) ;
#412 = FACE_OUTER_BOUND ( 'NONE', #2243, .T. ) ;
#413 = CARTESIAN_POINT ( 'NONE',  ( 12.50000000000001066, -2.600000000000000533, 8.750000000000008882 ) ) ;
#414 = AXIS2_PLACEMENT_3D ( 'NONE', #313, #2142, #1936 ) ;
#415 = VERTEX_POINT ( 'NONE', #2114 ) ;
#416 = VERTEX_POINT ( 'NONE', #269 ) ;
#417 = LINE ( 'NONE', #593, #1196 ) ;
#418 = VECTOR ( 'NONE', #1771, 1000.000000000000000 ) ;
#419 = LINE ( 'NONE', #1051, #618 ) ;
#420 = AXIS2_PLACEMENT_3D ( 'NONE', #1640, #1012, #1074 ) ;
#421 = CARTESIAN_POINT ( 'NONE',  ( -40.49999999999999289, 0.000000000000000000, -36.14999999999999858 ) ) ;
#422 = DIRECTION ( 'NONE',  ( 0.000000000000000000, 0.000000000000000000, 1.000000000000000000 ) ) ;
#423 = LINE ( 'NONE', #2057, #848 ) ;
#424 = ORIENTED_EDGE ( 'NONE', *, *, #1810, .F. ) ;
#425 = CIRCLE ( 'NONE', #551, 2.000000000000001776 ) ;
#426 = PERSON ( '未指定', '未指定', '未指定', ('未指定'), ('未指定'), ('未指定') ) ;
#427 = ORIENTED_EDGE ( 'NONE', *, *, #1985, .F. ) ;
#428 = EDGE_CURVE ( 'NONE', #1797, #1387, #1910, .T. ) ;
#429 = DIRECTION ( 'NONE',  ( -0.000000000000000000, -1.000000000000000000, -0.000000000000000000 ) ) ;
#430 = DIRECTION ( 'NONE',  ( 1.035655806553317700E-16, 0.000000000000000000, -1.000000000000000000 ) ) ;
#431 = ADVANCED_FACE ( 'NONE', ( #1506 ), #509, .F. ) ;
#432 = ORIENTED_EDGE ( 'NONE', *, *, #96, .F. ) ;
#433 = LINE ( 'NONE', #236, #2059 ) ;
#434 = DIRECTION ( 'NONE',  ( -0.000000000000000000, 1.000000000000000000, -0.000000000000000000 ) ) ;
#435 = DIRECTION ( 'NONE',  ( 0.000000000000000000, 1.000000000000000000, 0.000000000000000000 ) ) ;
#436 = LINE ( 'NONE', #2464, #1585 ) ;
#437 = LINE ( 'NONE', #2332, #2614 ) ;
#438 = ORIENTED_EDGE ( 'NONE', *, *, #563, .T. ) ;
#439 = DIRECTION ( 'NONE',  ( 0.000000000000000000, 0.000000000000000000, -1.000000000000000000 ) ) ;
#440 = CYLINDRICAL_SURFACE ( 'NONE', #1571, 2.000000000000001776 ) ;
#441 = CARTESIAN_POINT ( 'NONE',  ( -42.10000000000000853, 1.649999999999999467, 44.57279220613578730 ) ) ;
#442 = ORIENTED_EDGE ( 'NONE', *, *, #161, .F. ) ;
#443 = ORIENTED_EDGE ( 'NONE', *, *, #2588, .F. ) ;
#444 = EDGE_CURVE ( 'NONE', #775, #601, #111, .T. ) ;
#445 = DIRECTION ( 'NONE',  ( -1.224510688924804996E-15, 0.000000000000000000, 1.000000000000000000 ) ) ;
#446 = DIRECTION ( 'NONE',  ( 0.000000000000000000, 1.000000000000000000, 0.000000000000000000 ) ) ;
#447 = EDGE_CURVE ( 'NONE', #1229, #42, #2439, .T. ) ;
#448 = FACE_OUTER_BOUND ( 'NONE', #2594, .T. ) ;
#449 = DIRECTION ( 'NONE',  ( 0.000000000000000000, 0.000000000000000000, -1.000000000000000000 ) ) ;
#450 = EDGE_LOOP ( 'NONE', ( #1555, #2426 ) ) ;
#451 = LINE ( 'NONE', #484, #406 ) ;
#452 = ORIENTED_EDGE ( 'NONE', *, *, #705, .T. ) ;
#453 = CIRCLE ( 'NONE', #1230, 4.500000000000001776 ) ;
#454 = PLANE ( 'NONE',  #2270 ) ;
#455 = CARTESIAN_POINT ( 'NONE',  ( 42.10000000000000142, 3.850000000000000089, 43.29999999999999716 ) ) ;
#456 = CIRCLE ( 'NONE', #1576, 2.500000000000002220 ) ;
#457 = ORIENTED_EDGE ( 'NONE', *, *, #2312, .T. ) ;
#458 = CIRCLE ( 'NONE', #1360, 2.500000000000002220 ) ;
#459 = LINE ( 'NONE', #891, #2052 ) ;
#460 = VECTOR ( 'NONE', #361, 1000.000000000000000 ) ;
#461 = EDGE_CURVE ( 'NONE', #497, #1784, #1383, .T. ) ;
#462 = CARTESIAN_POINT ( 'NONE',  ( -40.49999999999999289, 0.000000000000000000, -38.34999999999999432 ) ) ;
#463 = VECTOR ( 'NONE', #531, 1000.000000000000000 ) ;
#464 = LINE ( 'NONE', #1798, #847 ) ;
#465 = DIRECTION ( 'NONE',  ( 0.000000000000000000, 0.000000000000000000, -1.000000000000000000 ) ) ;
#466 = ORIENTED_EDGE ( 'NONE', *, *, #1719, .F. ) ;
#467 = EDGE_CURVE ( 'NONE', #2563, #567, #2609, .T. ) ;
#468 = CIRCLE ( 'NONE', #1794, 3.000000000000002665 ) ;
#469 = LINE ( 'NONE', #2533, #1437 ) ;
#470 = ORIENTED_EDGE ( 'NONE', *, *, #322, .T. ) ;
#471 = EDGE_CURVE ( 'NONE', #2627, #2393, #538, .T. ) ;
#472 = CARTESIAN_POINT ( 'NONE',  ( -37.40000000000000568, 2.649999999999999467, 14.75000000000000533 ) ) ;
#473 = CARTESIAN_POINT ( 'NONE',  ( 45.50000000000001421, -2.600000000000000533, 28.75000000000001776 ) ) ;
#474 = ORIENTED_EDGE ( 'NONE', *, *, #1499, .F. ) ;
#475 = EDGE_CURVE ( 'NONE', #1170, #775, #1136, .T. ) ;
#476 = VERTEX_POINT ( 'NONE', #1959 ) ;
#477 = DIRECTION ( 'NONE',  ( 0.000000000000000000, 0.000000000000000000, 1.000000000000000000 ) ) ;
#478 = ORIENTED_EDGE ( 'NONE', *, *, #428, .T. ) ;
#479 = ADVANCED_FACE ( 'NONE', ( #520 ), #1569, .T. ) ;
#480 = DIRECTION ( 'NONE',  ( -1.000000000000000000, 0.000000000000000000, -1.508455196501572169E-16 ) ) ;
#481 = DIRECTION ( 'NONE',  ( -1.000000000000000000, 0.000000000000000000, 0.000000000000000000 ) ) ;
#482 = ORIENTED_EDGE ( 'NONE', *, *, #1187, .F. ) ;
#483 = LINE ( 'NONE', #2546, #1359 ) ;
#484 = CARTESIAN_POINT ( 'NONE',  ( -37.90000000000000568, 1.649999999999999911, 45.89999999999999858 ) ) ;
#485 = DIRECTION ( 'NONE',  ( -1.000000000000000000, 0.000000000000000000, 0.000000000000000000 ) ) ;
#486 = ORIENTED_EDGE ( 'NONE', *, *, #471, .T. ) ;
#488 = EDGE_CURVE ( 'NONE', #2051, #1763, #453, .T. ) ;
#487 = DIRECTION ( 'NONE',  ( 0.000000000000000000, -1.000000000000000000, 0.000000000000000000 ) ) ;
#489 = ORIENTED_EDGE ( 'NONE', *, *, #1589, .T. ) ;
#490 = LINE ( 'NONE', #1901, #584 ) ;
#491 = LINE ( 'NONE', #909, #1787 ) ;
#492 = CARTESIAN_POINT ( 'NONE',  ( -1.499999999999994449, 0.000000000000000000, 38.89999999999999858 ) ) ;
#493 = ORIENTED_EDGE ( 'NONE', *, *, #2115, .F. ) ;
#494 = CARTESIAN_POINT ( 'NONE',  ( -1.499999999999994449, -2.600000000000000533, 40.89999999999999858 ) ) ;
#495 = CARTESIAN_POINT ( 'NONE',  ( -52.89999999999999147, 1.850000000000000089, 43.89999999999999147 ) ) ;
#496 = DIRECTION ( 'NONE',  ( -0.000000000000000000, -1.000000000000000000, -0.000000000000000000 ) ) ;
#497 = VERTEX_POINT ( 'NONE', #1990 ) ;
#498 = CARTESIAN_POINT ( 'NONE',  ( -2.100000000000000089, 3.850000000000000089, 45.89999999999999858 ) ) ;
#499 = CIRCLE ( 'NONE', #1362, 2.500000000000002220 ) ;
#500 = ORIENTED_EDGE ( 'NONE', *, *, #260, .F. ) ;
#501 = EDGE_CURVE ( 'NONE', #25, #789, #123, .T. ) ;
#502 = DIRECTION ( 'NONE',  ( 0.000000000000000000, 0.000000000000000000, 1.000000000000000000 ) ) ;
#503 = CIRCLE ( 'NONE', #2484, 3.000000000000002665 ) ;
#504 = CARTESIAN_POINT ( 'NONE',  ( 12.50000000000001066, -2.600000000000000533, 11.25000000000001066 ) ) ;
#505 = CARTESIAN_POINT ( 'NONE',  ( -40.49999999999999289, -2.600000000000000533, -39.75000000000000000 ) ) ;
#506 = ORIENTED_EDGE ( 'NONE', *, *, #1228, .F. ) ;
#507 = CARTESIAN_POINT ( 'NONE',  ( 19.49999999999998934, 0.000000000000000000, 43.75000000000000000 ) ) ;
#508 = EDGE_CURVE ( 'NONE', #786, #2627, #499, .T. ) ;
#509 = PLANE ( 'NONE',  #1154 ) ;
#510 = CIRCLE ( 'NONE', #589, 2.649999999999999467 ) ;
#511 = DIRECTION ( 'NONE',  ( 0.000000000000000000, -1.000000000000000000, 0.000000000000000000 ) ) ;
#512 = DIRECTION ( 'NONE',  ( -0.000000000000000000, 1.000000000000000000, -0.000000000000000000 ) ) ;
#513 = ORIENTED_EDGE ( 'NONE', *, *, #697, .T. ) ;
#514 = ORIENTED_EDGE ( 'NONE', *, *, #2641, .T. ) ;
#515 = CARTESIAN_POINT ( 'NONE',  ( 45.50000000000001421, -2.600000000000000533, 28.75000000000001776 ) ) ;
#516 = CARTESIAN_POINT ( 'NONE',  ( -30.89999999999999858, 75.01881339463236031, 45.89999999999999858 ) ) ;
#517 = DIRECTION ( 'NONE',  ( 0.000000000000000000, 0.000000000000000000, -1.000000000000000000 ) ) ;
#518 = CARTESIAN_POINT ( 'NONE',  ( -40.49999999999999289, 1.850000000000000089, -34.60000000000000142 ) ) ;
#519 = ORIENTED_EDGE ( 'NONE', *, *, #1677, .F. ) ;
#520 = FACE_OUTER_BOUND ( 'NONE', #7, .T. ) ;
#521 = CARTESIAN_POINT ( 'NONE',  ( 42.50000000000002842, -2.600000000000000533, -35.74999999999996447 ) ) ;
#522 = CARTESIAN_POINT ( 'NONE',  ( -40.49999999999999289, 3.850000000000000089, -34.60000000000000142 ) ) ;
#523 = VERTEX_POINT ( 'NONE', #2398 ) ;
#524 = ORIENTED_EDGE ( 'NONE', *, *, #2304, .T. ) ;
#525 = DIRECTION ( 'NONE',  ( -0.000000000000000000, -1.000000000000000000, -0.000000000000000000 ) ) ;
#526 = DIRECTION ( 'NONE',  ( -1.035655806553317576E-16, -0.000000000000000000, 1.000000000000000000 ) ) ;
#527 = ADVANCED_FACE ( 'NONE', ( #2208 ), #1743, .F. ) ;
#528 = ORIENTED_EDGE ( 'NONE', *, *, #1187, .T. ) ;
#529 = ADVANCED_FACE ( 'NONE', ( #1551 ), #356, .T. ) ;
#530 = CARTESIAN_POINT ( 'NONE',  ( 47.50000000000001421, -2.600000000000000533, 28.75000000000001776 ) ) ;
#531 = DIRECTION ( 'NONE',  ( -0.000000000000000000, 1.000000000000000000, -0.000000000000000000 ) ) ;
#532 = ORIENTED_EDGE ( 'NONE', *, *, #2668, .F. ) ;
#533 = DIRECTION ( 'NONE',  ( -1.000000000000000000, 0.000000000000000000, 0.000000000000000000 ) ) ;
#534 = APPROVAL_ROLE ( '' ) ;
#535 = VERTEX_POINT ( 'NONE', #102 ) ;
#536 = EDGE_CURVE ( 'NONE', #1192, #2629, #2598, .T. ) ;
#537 = VECTOR ( 'NONE', #1433, 1000.000000000000000 ) ;
#538 = LINE ( 'NONE', #2589, #1960 ) ;
#539 = VECTOR ( 'NONE', #2305, 1000.000000000000000 ) ;
#540 = AXIS2_PLACEMENT_3D ( 'NONE', #1759, #2386, #683 ) ;
#541 = DIRECTION ( 'NONE',  ( 1.000000000000000000, 0.000000000000000000, 0.000000000000000000 ) ) ;
#542 = ADVANCED_FACE ( 'NONE', ( #2559 ), #1348, .T. ) ;
#543 = VECTOR ( 'NONE', #2265, 1000.000000000000000 ) ;
#544 = EDGE_LOOP ( 'NONE', ( #470, #2039, #2455, #1175 ) ) ;
#545 = CARTESIAN_POINT ( 'NONE',  ( -1.499999999999994449, -2.600000000000000533, 36.89999999999999858 ) ) ;
#546 = AXIS2_PLACEMENT_3D ( 'NONE', #2049, #2658, #2 ) ;
#547 = ORIENTED_EDGE ( 'NONE', *, *, #1913, .F. ) ;
#548 = AXIS2_PLACEMENT_3D ( 'NONE', #807, #1829, #996 ) ;
#549 = ORIENTED_EDGE ( 'NONE', *, *, #471, .F. ) ;
#550 = FACE_OUTER_BOUND ( 'NONE', #2585, .T. ) ;
#551 = AXIS2_PLACEMENT_3D ( 'NONE', #576, #2027, #1971 ) ;
#552 = EDGE_CURVE ( 'NONE', #1138, #2367, #118, .T. ) ;
#553 = ORIENTED_EDGE ( 'NONE', *, *, #1913, .T. ) ;
#554 = PERSON_AND_ORGANIZATION ( #426, #2279 ) ;
#555 = EDGE_LOOP ( 'NONE', ( #519, #2098 ) ) ;
#556 = ORIENTED_EDGE ( 'NONE', *, *, #2392, .T. ) ;
#557 = DIRECTION ( 'NONE',  ( 0.000000000000000000, -1.000000000000000000, 0.000000000000000000 ) ) ;
#558 = DIRECTION ( 'NONE',  ( 0.000000000000000000, -1.000000000000000000, 0.000000000000000000 ) ) ;
#559 = EDGE_CURVE ( 'NONE', #1762, #2230, #745, .T. ) ;
#560 = EDGE_LOOP ( 'NONE', ( #1518, #2580, #2375, #1818 ) ) ;
#561 = LINE ( 'NONE', #979, #376 ) ;
#562 = ORIENTED_EDGE ( 'NONE', *, *, #854, .F. ) ;
#563 = EDGE_CURVE ( 'NONE', #1290, #394, #2476, .T. ) ;
#564 = CARTESIAN_POINT ( 'NONE',  ( -40.49999999999999289, -2.600000000000000533, -37.25000000000000000 ) ) ;
#565 = CARTESIAN_POINT ( 'NONE',  ( -54.89999999999999147, 0.000000000000000000, -43.89999999999997726 ) ) ;
#566 = PERSON_AND_ORGANIZATION_ROLE ( 'creator' ) ;
#567 = VERTEX_POINT ( 'NONE', #2257 ) ;
#568 = DIRECTION ( 'NONE',  ( -0.000000000000000000, 1.000000000000000000, -0.000000000000000000 ) ) ;
#569 = DIRECTION ( 'NONE',  ( -0.000000000000000000, 0.000000000000000000, -1.000000000000000000 ) ) ;
#570 = VERTEX_POINT ( 'NONE', #1806 ) ;
#571 = CYLINDRICAL_SURFACE ( 'NONE', #937, 1.099999999999996758 ) ;
#572 = DIRECTION ( 'NONE',  ( 0.000000000000000000, 0.000000000000000000, -1.000000000000000000 ) ) ;
#573 = CYLINDRICAL_SURFACE ( 'NONE', #1877, 2.649999999999999467 ) ;
#574 = ADVANCED_FACE ( 'NONE', ( #2054 ), #216, .T. ) ;
#575 = ORIENTED_EDGE ( 'NONE', *, *, #335, .T. ) ;
#576 = CARTESIAN_POINT ( 'NONE',  ( 52.90000000000000568, 3.850000000000000089, 43.89999999999999147 ) ) ;
#577 = AXIS2_PLACEMENT_3D ( 'NONE', #2272, #568, #2662 ) ;
#578 = FACE_OUTER_BOUND ( 'NONE', #1214, .T. ) ;
#579 = CARTESIAN_POINT ( 'NONE',  ( 37.89999999999999858, 3.850000000000000089, 43.29999999999999716 ) ) ;
#580 = ORIENTED_EDGE ( 'NONE', *, *, #178, .T. ) ;
#581 = EDGE_CURVE ( 'NONE', #1954, #1211, #1194, .T. ) ;
#582 = AXIS2_PLACEMENT_3D ( 'NONE', #1938, #1951, #2116 ) ;
#583 = VERTEX_POINT ( 'NONE', #2437 ) ;
#584 = VECTOR ( 'NONE', #1692, 1000.000000000000000 ) ;
#585 = ORIENTED_EDGE ( 'NONE', *, *, #697, .F. ) ;
#586 = AXIS2_PLACEMENT_3D ( 'NONE', #615, #634, #1874 ) ;
#587 = DIRECTION ( 'NONE',  ( 0.000000000000000000, 0.000000000000000000, 1.000000000000000000 ) ) ;
#588 = CARTESIAN_POINT ( 'NONE',  ( -54.89999999999999147, 3.850000000000000089, 43.89999999999997726 ) ) ;
#589 = AXIS2_PLACEMENT_3D ( 'NONE', #2438, #2195, #159 ) ;
#590 = ORIENTED_EDGE ( 'NONE', *, *, #784, .F. ) ;
#591 = EDGE_CURVE ( 'NONE', #642, #1108, #1149, .T. ) ;
#592 = CIRCLE ( 'NONE', #1123, 3.000000000000000888 ) ;
#593 = CARTESIAN_POINT ( 'NONE',  ( 51.50000000000000711, -2.600000000000000533, -39.74999999999999289 ) ) ;
#594 = DIRECTION ( 'NONE',  ( 0.000000000000000000, 1.000000000000000000, -0.000000000000000000 ) ) ;
#595 = ADVANCED_FACE ( 'NONE', ( #578 ), #1231, .F. ) ;
#596 = PLANE ( 'NONE',  #1023 ) ;
#597 = ORIENTED_EDGE ( 'NONE', *, *, #2262, .F. ) ;
#598 = VERTEX_POINT ( 'NONE', #2037 ) ;
#599 = DIRECTION ( 'NONE',  ( 0.000000000000000000, 0.000000000000000000, 1.000000000000000000 ) ) ;
#600 = FACE_OUTER_BOUND ( 'NONE', #1647, .T. ) ;
#601 = VERTEX_POINT ( 'NONE', #3 ) ;
#602 = DIRECTION ( 'NONE',  ( -0.000000000000000000, -0.000000000000000000, 1.000000000000000000 ) ) ;
#603 = ORIENTED_EDGE ( 'NONE', *, *, #2666, .F. ) ;
#604 = DIRECTION ( 'NONE',  ( 1.000000000000000000, -0.000000000000000000, 1.035655806553317700E-16 ) ) ;
#605 = CARTESIAN_POINT ( 'NONE',  ( -26.49999999999999645, 16.57792206135785662, 11.25000000000000000 ) ) ;
#606 = EDGE_CURVE ( 'NONE', #389, #1784, #1405, .T. ) ;
#607 = EDGE_LOOP ( 'NONE', ( #40, #1339, #2458, #813 ) ) ;
#608 = CYLINDRICAL_SURFACE ( 'NONE', #879, 2.499999999999998668 ) ;
#609 = CARTESIAN_POINT ( 'NONE',  ( -28.49999999999999289, -2.600000000000000533, 36.89999999999999858 ) ) ;
#610 = FACE_OUTER_BOUND ( 'NONE', #2385, .T. ) ;
#611 = VERTEX_POINT ( 'NONE', #787 ) ;
#612 = DIRECTION ( 'NONE',  ( -0.000000000000000000, 1.000000000000000000, -0.000000000000000000 ) ) ;
#613 = PERSON_AND_ORGANIZATION ( #426, #2279 ) ;
#614 = DIRECTION ( 'NONE',  ( -1.000000000000000000, -0.000000000000000000, -0.000000000000000000 ) ) ;
#615 = CARTESIAN_POINT ( 'NONE',  ( 37.89999999999999858, 1.649999999999999911, 45.89999999999999858 ) ) ;
#616 = EDGE_CURVE ( 'NONE', #789, #36, #2003, .T. ) ;
#617 = DIRECTION ( 'NONE',  ( 1.000000000000000000, -0.000000000000000000, -0.000000000000000000 ) ) ;
#618 = VECTOR ( 'NONE', #2152, 1000.000000000000000 ) ;
#619 = EDGE_LOOP ( 'NONE', ( #2644, #1253, #115, #2342 ) ) ;
#620 = EDGE_CURVE ( 'NONE', #2338, #523, #2646, .T. ) ;
#621 = DIRECTION ( 'NONE',  ( -0.000000000000000000, -1.000000000000000000, -0.000000000000000000 ) ) ;
#623 = EDGE_CURVE ( 'NONE', #341, #1100, #880, .T. ) ;
#622 = DIRECTION ( 'NONE',  ( -0.000000000000000000, 1.000000000000000000, -0.000000000000000000 ) ) ;
#624 = AXIS2_PLACEMENT_3D ( 'NONE', #1528, #858, #502 ) ;
#625 = EDGE_LOOP ( 'NONE', ( #2531, #1842 ) ) ;
#626 = VECTOR ( 'NONE', #946, 1000.000000000000000 ) ;
#627 = ORIENTED_EDGE ( 'NONE', *, *, #1584, .T. ) ;
#628 = DIRECTION ( 'NONE',  ( 1.000000000000000000, 0.000000000000000000, 1.224510688924804996E-15 ) ) ;
#629 = EDGE_CURVE ( 'NONE', #771, #1711, #2223, .T. ) ;
#630 = VECTOR ( 'NONE', #512, 1000.000000000000000 ) ;
#631 = VECTOR ( 'NONE', #851, 1000.000000000000000 ) ;
#632 = CARTESIAN_POINT ( 'NONE',  ( 51.50000000000000711, 1.850000000000000089, -39.89999999999999147 ) ) ;
#633 = CC_DESIGN_DATE_AND_TIME_ASSIGNMENT ( #819, #401, ( #219 ) ) ;
#634 = DIRECTION ( 'NONE',  ( 0.000000000000000000, -1.000000000000000000, 3.267618461850094197E-16 ) ) ;
#635 = DIRECTION ( 'NONE',  ( 0.000000000000000000, -3.267618461850093704E-16, -1.000000000000000000 ) ) ;
#636 = CIRCLE ( 'NONE', #941, 2.649999999999999467 ) ;
#637 = DIRECTION ( 'NONE',  ( -0.000000000000000000, 0.7071067811865463515, -0.7071067811865487940 ) ) ;
#638 = ORIENTED_EDGE ( 'NONE', *, *, #2106, .T. ) ;
#639 = ADVANCED_FACE ( 'NONE', ( #2636 ), #2028, .F. ) ;
#640 = CARTESIAN_POINT ( 'NONE',  ( -52.89999999999999147, 0.000000000000000000, -43.89999999999999147 ) ) ;
#641 = DIRECTION ( 'NONE',  ( -0.000000000000000000, -1.000000000000000000, -0.000000000000000000 ) ) ;
#642 = VERTEX_POINT ( 'NONE', #1819 ) ;
#643 = ADVANCED_FACE ( 'NONE', ( #176 ), #1394, .F. ) ;
#644 = ORIENTED_EDGE ( 'NONE', *, *, #1652, .F. ) ;
#645 = LINE ( 'NONE', #1436, #130 ) ;
#646 = ORIENTED_EDGE ( 'NONE', *, *, #873, .T. ) ;
#647 = DIRECTION ( 'NONE',  ( 0.000000000000000000, -1.000000000000000000, 0.000000000000000000 ) ) ;
#648 = DIRECTION ( 'NONE',  ( -1.000000000000000000, 0.000000000000000000, -0.000000000000000000 ) ) ;
#649 = LINE ( 'NONE', #2518, #2320 ) ;
#650 = ORIENTED_EDGE ( 'NONE', *, *, #1327, .T. ) ;
#651 = DIRECTION ( 'NONE',  ( -0.000000000000000000, -0.000000000000000000, 1.000000000000000000 ) ) ;
#652 = ORIENTED_EDGE ( 'NONE', *, *, #1584, .F. ) ;
#653 = DIRECTION ( 'NONE',  ( -0.000000000000000000, 1.000000000000000000, -0.000000000000000000 ) ) ;
#654 = DIRECTION ( 'NONE',  ( -0.000000000000000000, -1.000000000000000000, -0.000000000000000000 ) ) ;
#655 = ADVANCED_FACE ( 'NONE', ( #2246 ), #975, .T. ) ;
#656 = ORIENTED_EDGE ( 'NONE', *, *, #2388, .F. ) ;
#657 = FACE_OUTER_BOUND ( 'NONE', #2408, .T. ) ;
#658 = EDGE_CURVE ( 'NONE', #611, #1999, #1442, .T. ) ;
#659 = EDGE_LOOP ( 'NONE', ( #2417, #2602, #140, #1854 ) ) ;
#660 = CARTESIAN_POINT ( 'NONE',  ( 2.099999999999997868, 3.850000000000000089, 45.89999999999999858 ) ) ;
#661 = CARTESIAN_POINT ( 'NONE',  ( -28.49999999999999289, -2.600000000000000533, 40.89999999999999858 ) ) ;
#662 = FACE_OUTER_BOUND ( 'NONE', #2605, .T. ) ;
#663 = VERTEX_POINT ( 'NONE', #2427 ) ;
#664 = DIRECTION ( 'NONE',  ( 0.000000000000000000, 0.000000000000000000, 1.000000000000000000 ) ) ;
#665 = ORIENTED_EDGE ( 'NONE', *, *, #1152, .T. ) ;
#666 = EDGE_CURVE ( 'NONE', #52, #2159, #811, .T. ) ;
#667 = CIRCLE ( 'NONE', #122, 2.000000000000008882 ) ;
#668 = LINE ( 'NONE', #902, #932 ) ;
#669 = CARTESIAN_POINT ( 'NONE',  ( -40.49999999999999289, 1.850000000000000089, -37.25000000000000000 ) ) ;
#670 = ORIENTED_EDGE ( 'NONE', *, *, #1652, .T. ) ;
#671 = AXIS2_PLACEMENT_3D ( 'NONE', #1924, #2161, #315 ) ;
#672 = VECTOR ( 'NONE', #126, 1000.000000000000000 ) ;
#673 = ORIENTED_EDGE ( 'NONE', *, *, #444, .T. ) ;
#674 = LINE ( 'NONE', #1496, #164 ) ;
#675 = VERTEX_POINT ( 'NONE', #403 ) ;
#676 = AXIS2_PLACEMENT_3D ( 'NONE', #2174, #2394, #327 ) ;
#677 = DIRECTION ( 'NONE',  ( 1.000000000000000000, -0.000000000000000000, -0.000000000000000000 ) ) ;
#678 = CIRCLE ( 'NONE', #2190, 4.500000000000001776 ) ;
#679 = DIRECTION ( 'NONE',  ( 0.000000000000000000, 0.000000000000000000, 1.000000000000000000 ) ) ;
#680 = ORIENTED_EDGE ( 'NONE', *, *, #1218, .F. ) ;
#681 = DIRECTION ( 'NONE',  ( -0.000000000000000000, -1.000000000000000000, -0.000000000000000000 ) ) ;
#682 = CIRCLE ( 'NONE', #1241, 3.000000000000000888 ) ;
#683 = DIRECTION ( 'NONE',  ( 0.000000000000000000, 0.000000000000000000, 1.000000000000000000 ) ) ;
#684 = EDGE_CURVE ( 'NONE', #2558, #1608, #1246, .T. ) ;
#685 = CARTESIAN_POINT ( 'NONE',  ( -30.89999999999999858, 0.8500000000000035305, 45.89999999999999858 ) ) ;
#686 =( GEOMETRIC_REPRESENTATION_CONTEXT ( 3 ) GLOBAL_UNCERTAINTY_ASSIGNED_CONTEXT ( ( #2137 ) ) GLOBAL_UNIT_ASSIGNED_CONTEXT ( ( #2434, #2384, #1604 ) ) REPRESENTATION_CONTEXT ( 'NONE', 'WORKASPACE' ) );
#687 = DIRECTION ( 'NONE',  ( 0.000000000000000000, -1.000000000000000000, 0.000000000000000000 ) ) ;
#688 = DIRECTION ( 'NONE',  ( 0.000000000000000000, 0.7071067811865463515, -0.7071067811865487940 ) ) ;
#689 = ORIENTED_EDGE ( 'NONE', *, *, #117, .F. ) ;
#690 = CARTESIAN_POINT ( 'NONE',  ( 51.50000000000000711, 3.850000000000000089, -39.89999999999999147 ) ) ;
#691 = EDGE_LOOP ( 'NONE', ( #2078, #2289 ) ) ;
#692 = DIRECTION ( 'NONE',  ( -0.000000000000000000, 1.000000000000000000, -0.000000000000000000 ) ) ;
#693 = CARTESIAN_POINT ( 'NONE',  ( -37.39999999999999858, 0.8500000000000000888, -16.74999999999999645 ) ) ;
#694 = DIRECTION ( 'NONE',  ( 0.000000000000000000, 0.000000000000000000, 1.000000000000000000 ) ) ;
#695 = ORIENTED_EDGE ( 'NONE', *, *, #1161, .T. ) ;
#696 = DIRECTION ( 'NONE',  ( 0.000000000000000000, 0.000000000000000000, -1.000000000000000000 ) ) ;
#697 = EDGE_CURVE ( 'NONE', #2338, #2633, #1318, .T. ) ;
#698 = DIRECTION ( 'NONE',  ( -0.000000000000000000, -1.000000000000000000, -0.000000000000000000 ) ) ;
#699 = VERTEX_POINT ( 'NONE', #2486 ) ;
#700 = FACE_BOUND ( 'NONE', #182, .T. ) ;
#701 = EDGE_LOOP ( 'NONE', ( #1134, #1553, #2435, #1676 ) ) ;
#702 = ORIENTED_EDGE ( 'NONE', *, *, #4, .F. ) ;
#703 = CARTESIAN_POINT ( 'NONE',  ( -7.499999999999985789, -2.600000000000000533, -37.74999999999997868 ) ) ;
#704 = DIRECTION ( 'NONE',  ( 0.000000000000000000, -1.000000000000000000, 0.000000000000000000 ) ) ;
#705 = EDGE_CURVE ( 'NONE', #146, #2109, #205, .T. ) ;
#706 = ORIENTED_EDGE ( 'NONE', *, *, #231, .T. ) ;
#707 = CARTESIAN_POINT ( 'NONE',  ( -42.10000000000000853, 1.649999999999999467, 44.57279220613578730 ) ) ;
#708 = CARTESIAN_POINT ( 'NONE',  ( -40.49999999999999289, 3.850000000000000089, -37.25000000000000000 ) ) ;
#709 = VERTEX_POINT ( 'NONE', #227 ) ;
#710 = DIRECTION ( 'NONE',  ( 1.000000000000000000, -0.000000000000000000, -0.000000000000000000 ) ) ;
#711 = ADVANCED_FACE ( 'NONE', ( #874, #1873, #893 ), #2069, .F. ) ;
#712 = CYLINDRICAL_SURFACE ( 'NONE', #331, 2.500000000000002220 ) ;
#713 = VERTEX_POINT ( 'NONE', #1477 ) ;
#714 = CARTESIAN_POINT ( 'NONE',  ( -30.89999999999999147, 16.57792206135785662, 7.693398113205691224 ) ) ;
#715 = VECTOR ( 'NONE', #156, 1000.000000000000000 ) ;
#716 = ORIENTED_EDGE ( 'NONE', *, *, #2269, .F. ) ;
#717 = LINE ( 'NONE', #2327, #887 ) ;
#718 = VECTOR ( 'NONE', #993, 1000.000000000000000 ) ;
#719 = VECTOR ( 'NONE', #1915, 1000.000000000000000 ) ;
#720 = DIRECTION ( 'NONE',  ( 0.000000000000000000, 1.000000000000000000, -0.000000000000000000 ) ) ;
#721 = CIRCLE ( 'NONE', #1491, 2.000000000000001776 ) ;
#722 = CARTESIAN_POINT ( 'NONE',  ( 51.50000000000000711, 0.000000000000000000, -36.14999999999999147 ) ) ;
#723 = VERTEX_POINT ( 'NONE', #1098 ) ;
#724 = CIRCLE ( 'NONE', #213, 1.099999999999996758 ) ;
#725 = DIRECTION ( 'NONE',  ( 0.000000000000000000, -0.7071067811865487940, -0.7071067811865463515 ) ) ;
#726 = AXIS2_PLACEMENT_3D ( 'NONE', #2460, #212, #2034 ) ;
#727 = AXIS2_PLACEMENT_3D ( 'NONE', #2316, #295, #465 ) ;
#728 = CARTESIAN_POINT ( 'NONE',  ( 51.50000000000000711, -2.600000000000000533, -37.24999999999999289 ) ) ;
#729 = VERTEX_POINT ( 'NONE', #2093 ) ;
#730 = FACE_BOUND ( 'NONE', #18, .T. ) ;
#731 = ADVANCED_FACE ( 'NONE', ( #1287 ), #78, .F. ) ;
#732 = ORIENTED_EDGE ( 'NONE', *, *, #1612, .T. ) ;
#733 = DIRECTION ( 'NONE',  ( 0.000000000000000000, -1.000000000000000000, 0.000000000000000000 ) ) ;
#734 = LINE ( 'NONE', #2381, #1789 ) ;
#735 = EDGE_CURVE ( 'NONE', #2633, #1717, #30, .T. ) ;
#736 = ORIENTED_EDGE ( 'NONE', *, *, #2297, .T. ) ;
#737 = DIRECTION ( 'NONE',  ( 0.000000000000000000, -1.000000000000000000, 0.000000000000000000 ) ) ;
#738 = LINE ( 'NONE', #943, #1791 ) ;
#739 = ORIENTED_EDGE ( 'NONE', *, *, #1166, .F. ) ;
#740 = ADVANCED_FACE ( 'NONE', ( #1669, #1299 ), #849, .T. ) ;
#741 = CARTESIAN_POINT ( 'NONE',  ( 45.50000000000001421, -2.600000000000000533, 6.750000000000019540 ) ) ;
#742 = ADVANCED_FACE ( 'NONE', ( #2122 ), #15, .T. ) ;
#743 = DIRECTION ( 'NONE',  ( 1.000000000000000000, 0.000000000000000000, 0.000000000000000000 ) ) ;
#744 = ORIENTED_EDGE ( 'NONE', *, *, #2565, .F. ) ;
#745 = LINE ( 'NONE', #1370, #754 ) ;
#746 = CARTESIAN_POINT ( 'NONE',  ( 36.49999999999999289, 0.000000000000000000, 43.75000000000002132 ) ) ;
#747 = EDGE_CURVE ( 'NONE', #2627, #786, #456, .T. ) ;
#748 = ORIENTED_EDGE ( 'NONE', *, *, #945, .F. ) ;
#749 = FACE_OUTER_BOUND ( 'NONE', #1757, .T. ) ;
#750 = ORIENTED_EDGE ( 'NONE', *, *, #1419, .F. ) ;
#751 = ORIENTED_EDGE ( 'NONE', *, *, #2201, .T. ) ;
#752 = CARTESIAN_POINT ( 'NONE',  ( 47.50000000000001421, -2.600000000000000533, 6.750000000000019540 ) ) ;
#753 = AXIS2_PLACEMENT_3D ( 'NONE', #1894, #2288, #2345 ) ;
#754 = VECTOR ( 'NONE', #2194, 1000.000000000000000 ) ;
#755 = CARTESIAN_POINT ( 'NONE',  ( -37.39999999999999858, 12.33528137423857807, -13.74999999999999467 ) ) ;
#756 = ORIENTED_EDGE ( 'NONE', *, *, #157, .F. ) ;
#757 = AXIS2_PLACEMENT_3D ( 'NONE', #564, #149, #1812 ) ;
#758 = CARTESIAN_POINT ( 'NONE',  ( 37.89999999999999858, 1.649999999999999467, 44.57279220613578730 ) ) ;
#759 = AXIS2_PLACEMENT_3D ( 'NONE', #1137, #511, #1674 ) ;
#760 = AXIS2_PLACEMENT_3D ( 'NONE', #2334, #1305, #814 ) ;
#761 = DIRECTION ( 'NONE',  ( 2.775557561562890365E-16, 0.000000000000000000, -1.000000000000000000 ) ) ;
#762 = ADVANCED_FACE ( 'NONE', ( #832 ), #47, .F. ) ;
#763 = ORIENTED_EDGE ( 'NONE', *, *, #1376, .F. ) ;
#764 = FACE_BOUND ( 'NONE', #2511, .T. ) ;
#765 = VECTOR ( 'NONE', #1281, 1000.000000000000000 ) ;
#766 = AXIS2_PLACEMENT_3D ( 'NONE', #1248, #2488, #1457 ) ;
#767 = DIRECTION ( 'NONE',  ( 0.000000000000000000, -1.000000000000000000, 0.000000000000000000 ) ) ;
#768 = CARTESIAN_POINT ( 'NONE',  ( -37.39999999999999858, 12.33528137423857807, -19.75000000000000000 ) ) ;
#769 = CIRCLE ( 'NONE', #727, 4.500000000000001776 ) ;
#770 = COORDINATED_UNIVERSAL_TIME_OFFSET ( 8, 0, .AHEAD. ) ;
#771 = VERTEX_POINT ( 'NONE', #1680 ) ;
#772 = VERTEX_POINT ( 'NONE', #660 ) ;
#773 = CARTESIAN_POINT ( 'NONE',  ( -28.49999999999999289, 0.000000000000000000, 38.89999999999999858 ) ) ;
#774 = DIRECTION ( 'NONE',  ( 1.000000000000000000, -0.000000000000000000, 0.000000000000000000 ) ) ;
#775 = VERTEX_POINT ( 'NONE', #1715 ) ;
#777 = EDGE_CURVE ( 'NONE', #570, #1657, #2527, .T. ) ;
#776 = CARTESIAN_POINT ( 'NONE',  ( 52.89999999999999147, 0.000000000000000000, -45.89999999999999858 ) ) ;
#778 = ORIENTED_EDGE ( 'NONE', *, *, #606, .T. ) ;
#779 = APPLICATION_CONTEXT ( 'configuration controlled 3d designs of mechanical parts and assemblies' ) ;
#780 = CARTESIAN_POINT ( 'NONE',  ( -40.49999999999999289, 1.850000000000000089, -37.25000000000000000 ) ) ;
#781 = DIRECTION ( 'NONE',  ( 0.000000000000000000, -0.000000000000000000, -1.000000000000000000 ) ) ;
#782 = ORIENTED_EDGE ( 'NONE', *, *, #2515, .T. ) ;
#783 = ORIENTED_EDGE ( 'NONE', *, *, #2073, .T. ) ;
#784 = EDGE_CURVE ( 'NONE', #1170, #2540, #279, .T. ) ;
#785 = CARTESIAN_POINT ( 'NONE',  ( 36.49999999999999289, 1.850000000000000977, 20.75000000000001066 ) ) ;
#786 = VERTEX_POINT ( 'NONE', #1501 ) ;
#787 = CARTESIAN_POINT ( 'NONE',  ( -28.49999999999999289, 0.000000000000000000, 40.89999999999999858 ) ) ;
#788 = CARTESIAN_POINT ( 'NONE',  ( 51.50000000000000711, 1.850000000000000089, -38.34999999999998721 ) ) ;
#789 = VERTEX_POINT ( 'NONE', #2543 ) ;
#790 = CARTESIAN_POINT ( 'NONE',  ( -1.499999999999994449, -2.600000000000000533, 38.89999999999999858 ) ) ;
#791 = DIRECTION ( 'NONE',  ( -0.000000000000000000, 1.000000000000000000, -0.000000000000000000 ) ) ;
#792 = ORIENTED_EDGE ( 'NONE', *, *, #1371, .F. ) ;
#793 = DIRECTION ( 'NONE',  ( 0.000000000000000000, 0.000000000000000000, -1.000000000000000000 ) ) ;
#794 = AXIS2_PLACEMENT_3D ( 'NONE', #2573, #725, #2387 ) ;
#795 = DIRECTION ( 'NONE',  ( 1.000000000000000000, 0.000000000000000000, 0.000000000000000000 ) ) ;
#796 = VECTOR ( 'NONE', #1427, 1000.000000000000000 ) ;
#797 = PLANE ( 'NONE',  #2278 ) ;
#798 = AXIS2_PLACEMENT_3D ( 'NONE', #2251, #429, #1034 ) ;
#799 = ORIENTED_EDGE ( 'NONE', *, *, #1677, .T. ) ;
#800 = CIRCLE ( 'NONE', #2409, 2.499999999999998668 ) ;
#801 = DIRECTION ( 'NONE',  ( 0.000000000000000000, 1.000000000000000000, -0.000000000000000000 ) ) ;
#802 = FACE_OUTER_BOUND ( 'NONE', #1678, .T. ) ;
#803 = EDGE_CURVE ( 'NONE', #1772, #723, #1483, .T. ) ;
#804 = VECTOR ( 'NONE', #1570, 1000.000000000000000 ) ;
#805 = ORIENTED_EDGE ( 'NONE', *, *, #461, .T. ) ;
#806 = CIRCLE ( 'NONE', #2584, 2.649999999999999467 ) ;
#807 = CARTESIAN_POINT ( 'NONE',  ( 51.50000000000000711, -2.600000000000000533, -37.24999999999999289 ) ) ;
#808 = EDGE_CURVE ( 'NONE', #1851, #1539, #1872, .T. ) ;
#809 = COORDINATED_UNIVERSAL_TIME_OFFSET ( 8, 0, .AHEAD. ) ;
#810 = ORIENTED_EDGE ( 'NONE', *, *, #2552, .T. ) ;
#811 = LINE ( 'NONE', #2220, #796 ) ;
#812 = PLANE ( 'NONE',  #1449 ) ;
#813 = ORIENTED_EDGE ( 'NONE', *, *, #2249, .F. ) ;
#814 = DIRECTION ( 'NONE',  ( 0.000000000000000000, 0.000000000000000000, -1.000000000000000000 ) ) ;
#815 = LINE ( 'NONE', #609, #1190 ) ;
#816 = DIRECTION ( 'NONE',  ( -1.000000000000000000, -0.000000000000000000, -2.775557561562890365E-16 ) ) ;
#817 = ORIENTED_EDGE ( 'NONE', *, *, #2043, .T. ) ;
#818 = CARTESIAN_POINT ( 'NONE',  ( 12.50000000000001066, 0.000000000000000000, 8.750000000000008882 ) ) ;
#819 = DATE_AND_TIME ( #2255, #1714 ) ;
#820 = ORIENTED_EDGE ( 'NONE', *, *, #2626, .T. ) ;
#821 = EDGE_CURVE ( 'NONE', #843, #1954, #409, .T. ) ;
#822 = CARTESIAN_POINT ( 'NONE',  ( 42.10000000000000142, 3.850000000000000089, 43.29999999999999716 ) ) ;
#823 = CARTESIAN_POINT ( 'NONE',  ( 36.49999999999999289, 0.000000000000000000, 20.75000000000001066 ) ) ;
#824 = DIRECTION ( 'NONE',  ( -0.000000000000000000, 1.000000000000000000, -0.000000000000000000 ) ) ;
#825 = ORIENTED_EDGE ( 'NONE', *, *, #501, .T. ) ;
#826 = EDGE_CURVE ( 'NONE', #699, #1737, #1378, .T. ) ;
#827 = DIRECTION ( 'NONE',  ( 0.000000000000000000, -0.000000000000000000, -1.000000000000000000 ) ) ;
#828 = DIRECTION ( 'NONE',  ( -0.000000000000000000, -1.000000000000000000, -0.000000000000000000 ) ) ;
#829 = VERTEX_POINT ( 'NONE', #2138 ) ;
#830 = CARTESIAN_POINT ( 'NONE',  ( 47.50000000000001421, -2.600000000000000533, 28.75000000000001776 ) ) ;
#831 = VECTOR ( 'NONE', #1718, 1000.000000000000000 ) ;
#832 = FACE_OUTER_BOUND ( 'NONE', #1309, .T. ) ;
#833 = CARTESIAN_POINT ( 'NONE',  ( 51.50000000000000711, 0.000000000000000000, -37.24999999999999289 ) ) ;
#834 = PLANE ( 'NONE',  #939 ) ;
#835 = DIRECTION ( 'NONE',  ( 0.000000000000000000, 0.000000000000000000, -1.000000000000000000 ) ) ;
#836 = AXIS2_PLACEMENT_3D ( 'NONE', #2468, #2477, #206 ) ;
#837 = ORIENTED_EDGE ( 'NONE', *, *, #1003, .T. ) ;
#838 = ADVANCED_FACE ( 'NONE', ( #2024 ), #2421, .T. ) ;
#839 = VECTOR ( 'NONE', #496, 1000.000000000000000 ) ;
#840 = CYLINDRICAL_SURFACE ( 'NONE', #1704, 1.099999999999996758 ) ;
#841 = CARTESIAN_POINT ( 'NONE',  ( -40.49999999999999289, 1.850000000000000089, -36.14999999999999858 ) ) ;
#842 = VECTOR ( 'NONE', #828, 1000.000000000000000 ) ;
#843 = VERTEX_POINT ( 'NONE', #1590 ) ;
#844 = AXIS2_PLACEMENT_3D ( 'NONE', #404, #1232, #1479 ) ;
#845 = ORIENTED_EDGE ( 'NONE', *, *, #1291, .T. ) ;
#846 = FACE_OUTER_BOUND ( 'NONE', #1173, .T. ) ;
#847 = VECTOR ( 'NONE', #435, 1000.000000000000000 ) ;
#848 = VECTOR ( 'NONE', #635, 1000.000000000000000 ) ;
#849 = PLANE ( 'NONE',  #2401 ) ;
#850 = DIRECTION ( 'NONE',  ( 0.000000000000000000, -1.000000000000000000, 0.000000000000000000 ) ) ;
#851 = DIRECTION ( 'NONE',  ( -1.000000000000000000, 0.000000000000000000, -1.224510688924804996E-15 ) ) ;
#852 = CARTESIAN_POINT ( 'NONE',  ( 37.89999999999999858, 3.850000000000000089, 45.89999999999999858 ) ) ;
#853 = ORIENTED_EDGE ( 'NONE', *, *, #189, .F. ) ;
#854 = EDGE_CURVE ( 'NONE', #1717, #523, #1961, .T. ) ;
#855 = DIRECTION ( 'NONE',  ( 0.000000000000000000, -0.7071067811865487940, -0.7071067811865463515 ) ) ;
#856 = CARTESIAN_POINT ( 'NONE',  ( 2.100000000000000089, 1.649999999999999911, 45.89999999999999858 ) ) ;
#857 = ORIENTED_EDGE ( 'NONE', *, *, #19, .F. ) ;
#858 = DIRECTION ( 'NONE',  ( -0.000000000000000000, 1.000000000000000000, -0.000000000000000000 ) ) ;
#859 = VERTEX_POINT ( 'NONE', #360 ) ;
#860 = DIRECTION ( 'NONE',  ( 1.000000000000000000, -0.000000000000000000, -0.000000000000000000 ) ) ;
#861 = ADVANCED_FACE ( 'NONE', ( #2355 ), #1389, .F. ) ;
#862 = DIRECTION ( 'NONE',  ( 0.000000000000000000, -3.267618461850094197E-16, -1.000000000000000000 ) ) ;
#863 = CARTESIAN_POINT ( 'NONE',  ( 45.50000000000001421, -2.600000000000000533, 28.75000000000001776 ) ) ;
#864 = CARTESIAN_POINT ( 'NONE',  ( -1.499999999999994449, 0.000000000000000000, 40.89999999999999858 ) ) ;
#865 = ORIENTED_EDGE ( 'NONE', *, *, #1844, .T. ) ;
#866 = PLANE ( 'NONE',  #2271 ) ;
#867 = EDGE_LOOP ( 'NONE', ( #1472, #143, #2648, #1267 ) ) ;
#868 = CYLINDRICAL_SURFACE ( 'NONE', #582, 1.099999999999996758 ) ;
#869 = PLANE ( 'NONE',  #2058 ) ;
#870 = ADVANCED_FACE ( 'NONE', ( #377 ), #983, .F. ) ;
#871 = EDGE_LOOP ( 'NONE', ( #1925, #1254, #646, #2215 ) ) ;
#872 = LINE ( 'NONE', #516, #1193 ) ;
#873 = EDGE_CURVE ( 'NONE', #992, #1980, #921, .T. ) ;
#874 = FACE_BOUND ( 'NONE', #2307, .T. ) ;
#875 = CARTESIAN_POINT ( 'NONE',  ( 36.49999999999999289, 1.850000000000000977, 20.75000000000001066 ) ) ;
#876 = DIRECTION ( 'NONE',  ( -0.000000000000000000, 0.000000000000000000, -1.000000000000000000 ) ) ;
#877 = ORIENTED_EDGE ( 'NONE', *, *, #1135, .F. ) ;
#878 = LINE ( 'NONE', #1720, #1616 ) ;
#879 = AXIS2_PLACEMENT_3D ( 'NONE', #2041, #1432, #1222 ) ;
#880 = CIRCLE ( 'NONE', #75, 2.499999999999998668 ) ;
#881 = CARTESIAN_POINT ( 'NONE',  ( -52.89999999999999147, 3.850000000000000089, 43.89999999999999147 ) ) ;
#882 = FACE_OUTER_BOUND ( 'NONE', #2167, .T. ) ;
#883 = ORIENTED_EDGE ( 'NONE', *, *, #2099, .F. ) ;
#884 = CARTESIAN_POINT ( 'NONE',  ( -2.100000000000000089, 2.922792206135786053, 43.29999999999999716 ) ) ;
#885 = VECTOR ( 'NONE', #2110, 1000.000000000000000 ) ;
#886 = ORIENTED_EDGE ( 'NONE', *, *, #1505, .T. ) ;
#887 = VECTOR ( 'NONE', #95, 1000.000000000000000 ) ;
#888 = CIRCLE ( 'NONE', #2655, 2.000000000000001776 ) ;
#889 = DIRECTION ( 'NONE',  ( -0.000000000000000000, 1.000000000000000000, -0.000000000000000000 ) ) ;
#890 = EDGE_CURVE ( 'NONE', #1296, #859, #2431, .T. ) ;
#891 = CARTESIAN_POINT ( 'NONE',  ( -2.100000000000000089, 1.649999999999999911, 45.89999999999999858 ) ) ;
#892 = ORIENTED_EDGE ( 'NONE', *, *, #2552, .F. ) ;
#893 = FACE_OUTER_BOUND ( 'NONE', #1210, .T. ) ;
#894 = ADVANCED_FACE ( 'NONE', ( #97 ), #2008, .T. ) ;
#895 = AXIS2_PLACEMENT_3D ( 'NONE', #473, #487, #1308 ) ;
#896 = CARTESIAN_POINT ( 'NONE',  ( -30.89999999999999858, 0.000000000000000000, 45.89999999999999858 ) ) ;
#897 = ORIENTED_EDGE ( 'NONE', *, *, #142, .T. ) ;
#898 = LINE ( 'NONE', #297, #831 ) ;
#899 = VECTOR ( 'NONE', #2453, 1000.000000000000000 ) ;
#900 = CARTESIAN_POINT ( 'NONE',  ( -40.49999999999999289, 1.850000000000000089, -37.25000000000000000 ) ) ;
#901 = CC_DESIGN_APPROVAL ( #1421, ( #26 ) ) ;
#902 = CARTESIAN_POINT ( 'NONE',  ( -40.49999999999999289, -2.600000000000000533, -34.74999999999999289 ) ) ;
#903 = ORIENTED_EDGE ( 'NONE', *, *, #1862, .F. ) ;
#904 = PLANE ( 'NONE',  #2579 ) ;
#905 = ORIENTED_EDGE ( 'NONE', *, *, #1641, .F. ) ;
#906 = EDGE_LOOP ( 'NONE', ( #1572, #2087, #2219, #209 ) ) ;
#907 = CARTESIAN_POINT ( 'NONE',  ( -40.49999999999999289, -2.600000000000000533, -37.25000000000000000 ) ) ;
#908 = EDGE_CURVE ( 'NONE', #1060, #1356, #2227, .T. ) ;
#909 = CARTESIAN_POINT ( 'NONE',  ( 42.10000000000000142, 3.850000000000000089, 45.89999999999999858 ) ) ;
#910 = LINE ( 'NONE', #518, #1200 ) ;
#911 = VERTEX_POINT ( 'NONE', #1529 ) ;
#912 = CARTESIAN_POINT ( 'NONE',  ( 19.49999999999999289, 32.45069929215019044, 20.75000000000000711 ) ) ;
#913 = EDGE_CURVE ( 'NONE', #1784, #21, #491, .T. ) ;
#914 = CARTESIAN_POINT ( 'NONE',  ( -40.49999999999999289, 1.850000000000000089, -39.89999999999999858 ) ) ;
#915 = CARTESIAN_POINT ( 'NONE',  ( -37.90000000000000568, 1.649999999999999911, 45.89999999999999858 ) ) ;
#916 = EDGE_LOOP ( 'NONE', ( #2597, #72, #2107, #2113 ) ) ;
#917 = CARTESIAN_POINT ( 'NONE',  ( -37.39999999999999858, 0.8500000000000000888, -13.74999999999999467 ) ) ;
#918 = EDGE_LOOP ( 'NONE', ( #748, #303, #2523, #1725 ) ) ;
#919 = VERTEX_POINT ( 'NONE', #707 ) ;
#920 = CARTESIAN_POINT ( 'NONE',  ( 2.100000000000000089, 1.649999999999999911, 45.89999999999999858 ) ) ;
#921 = LINE ( 'NONE', #309, #2267 ) ;
#922 = DIRECTION ( 'NONE',  ( 0.000000000000000000, 1.000000000000000000, 0.000000000000000000 ) ) ;
#923 = VERTEX_POINT ( 'NONE', #504 ) ;
#924 = DIRECTION ( 'NONE',  ( 0.000000000000000000, 0.000000000000000000, -1.000000000000000000 ) ) ;
#925 = DIRECTION ( 'NONE',  ( 0.000000000000000000, -1.000000000000000000, 0.000000000000000000 ) ) ;
#927 = ADVANCED_FACE ( 'NONE', ( #2213 ), #2630, .F. ) ;
#926 = FACE_BOUND ( 'NONE', #384, .T. ) ;
#928 = VERTEX_POINT ( 'NONE', #2156 ) ;
#929 = ORIENTED_EDGE ( 'NONE', *, *, #335, .F. ) ;
#930 = CARTESIAN_POINT ( 'NONE',  ( -7.499999999999985789, 0.000000000000000000, -37.74999999999997868 ) ) ;
#931 = VECTOR ( 'NONE', #1398, 1000.000000000000000 ) ;
#932 = VECTOR ( 'NONE', #1319, 1000.000000000000000 ) ;
#933 = CIRCLE ( 'NONE', #2185, 2.499999999999998668 ) ;
#934 = VECTOR ( 'NONE', #1754, 1000.000000000000000 ) ;
#935 = CARTESIAN_POINT ( 'NONE',  ( 43.50000000000001421, 0.000000000000000000, 28.75000000000001776 ) ) ;
#936 = EDGE_LOOP ( 'NONE', ( #1942, #585, #288, #2336 ) ) ;
#937 = AXIS2_PLACEMENT_3D ( 'NONE', #833, #2430, #422 ) ;
#938 = CARTESIAN_POINT ( 'NONE',  ( -26.49999999999999645, 0.000000000000000000, 6.749999999999999112 ) ) ;
#939 = AXIS2_PLACEMENT_3D ( 'NONE', #1031, #1443, #2275 ) ;
#940 = EDGE_CURVE ( 'NONE', #2553, #416, #1132, .T. ) ;
#941 = AXIS2_PLACEMENT_3D ( 'NONE', #708, #922, #679 ) ;
#942 = ORIENTED_EDGE ( 'NONE', *, *, #1135, .T. ) ;
#943 = CARTESIAN_POINT ( 'NONE',  ( -2.100000000000000089, 1.649999999999999467, 44.57279220613578730 ) ) ;
#944 = ORIENTED_EDGE ( 'NONE', *, *, #784, .T. ) ;
#945 = EDGE_CURVE ( 'NONE', #1387, #2230, #1534, .T. ) ;
#946 = DIRECTION ( 'NONE',  ( -0.000000000000000000, -1.000000000000000000, -0.000000000000000000 ) ) ;
#947 = ADVANCED_FACE ( 'NONE', ( #2202 ), #966, .T. ) ;
#948 = DIRECTION ( 'NONE',  ( -0.000000000000000000, -1.000000000000000000, -0.000000000000000000 ) ) ;
#949 = ORIENTED_EDGE ( 'NONE', *, *, #1981, .T. ) ;
#950 = EDGE_CURVE ( 'NONE', #397, #1170, #232, .T. ) ;
#951 = DIRECTION ( 'NONE',  ( 0.000000000000000000, 0.000000000000000000, -1.000000000000000000 ) ) ;
#952 = PLANE ( 'NONE',  #2155 ) ;
#953 = EDGE_CURVE ( 'NONE', #1211, #1484, #1702, .T. ) ;
#954 = ORIENTED_EDGE ( 'NONE', *, *, #2542, .T. ) ;
#955 = CARTESIAN_POINT ( 'NONE',  ( 43.50000000000001421, -2.600000000000000533, 6.750000000000019540 ) ) ;
#956 = ORIENTED_EDGE ( 'NONE', *, *, #2380, .F. ) ;
#957 = CYLINDRICAL_SURFACE ( 'NONE', #1115, 3.000000000000002665 ) ;
#958 = ORIENTED_EDGE ( 'NONE', *, *, #1997, .T. ) ;
#959 = EDGE_CURVE ( 'NONE', #42, #1229, #2611, .T. ) ;
#960 = PERSON_AND_ORGANIZATION ( #426, #2279 ) ;
#961 = ORIENTED_EDGE ( 'NONE', *, *, #1312, .T. ) ;
#962 = CARTESIAN_POINT ( 'NONE',  ( 47.50000000000001421, 0.000000000000000000, 28.75000000000001776 ) ) ;
#963 = DIRECTION ( 'NONE',  ( 1.000000000000000000, 0.000000000000000000, 0.000000000000000000 ) ) ;
#964 = DIRECTION ( 'NONE',  ( 0.000000000000000000, 0.000000000000000000, -1.000000000000000000 ) ) ;
#965 = VERTEX_POINT ( 'NONE', #190 ) ;
#966 = PLANE ( 'NONE',  #370 ) ;
#967 = FACE_BOUND ( 'NONE', #317, .T. ) ;
#968 = VECTOR ( 'NONE', #2463, 1000.000000000000000 ) ;
#969 = VECTOR ( 'NONE', #1778, 1000.000000000000000 ) ;
#970 = APPROVAL_DATE_TIME ( #1998, #1032 ) ;
#971 = EDGE_LOOP ( 'NONE', ( #2491, #482, #2514, #1666 ) ) ;
#972 = ORIENTED_EDGE ( 'NONE', *, *, #395, .F. ) ;
#973 = CIRCLE ( 'NONE', #836, 2.000000000000001776 ) ;
#974 = ADVANCED_FACE ( 'NONE', ( #2044 ), #221, .F. ) ;
#975 = CYLINDRICAL_SURFACE ( 'NONE', #77, 2.000000000000005329 ) ;
#976 = CARTESIAN_POINT ( 'NONE',  ( 37.89999999999999858, 2.922792206135786053, 43.29999999999999716 ) ) ;
#977 = AXIS2_PLACEMENT_3D ( 'NONE', #413, #2457, #388 ) ;
#978 = VERTEX_POINT ( 'NONE', #1020 ) ;
#979 = CARTESIAN_POINT ( 'NONE',  ( -37.90000000000000568, 2.922792206135786053, 43.29999999999999716 ) ) ;
#980 = VECTOR ( 'NONE', #2089, 1000.000000000000000 ) ;
#981 = VECTOR ( 'NONE', #1975, 1000.000000000000000 ) ;
#982 = CC_DESIGN_PERSON_AND_ORGANIZATION_ASSIGNMENT ( #2395, #183, ( #1977 ) ) ;
#983 = CYLINDRICAL_SURFACE ( 'NONE', #1276, 3.000000000000000888 ) ;
#984 = PLANE ( 'NONE',  #298 ) ;
#985 = ORIENTED_EDGE ( 'NONE', *, *, #953, .F. ) ;
#986 = DIRECTION ( 'NONE',  ( -0.000000000000000000, -1.000000000000000000, -0.000000000000000000 ) ) ;
#987 = VERTEX_POINT ( 'NONE', #2441 ) ;
#988 = DIRECTION ( 'NONE',  ( 0.000000000000000000, 0.000000000000000000, -1.000000000000000000 ) ) ;
#989 = FACE_OUTER_BOUND ( 'NONE', #2402, .T. ) ;
#990 = ORIENTED_EDGE ( 'NONE', *, *, #475, .T. ) ;
#991 = EDGE_CURVE ( 'NONE', #829, #1928, #973, .T. ) ;
#992 = VERTEX_POINT ( 'NONE', #2076 ) ;
#993 = DIRECTION ( 'NONE',  ( -1.000000000000000000, 0.000000000000000000, -2.891205793294678819E-16 ) ) ;
#994 = DIRECTION ( 'NONE',  ( 1.000000000000000000, 0.000000000000000000, 0.000000000000000000 ) ) ;
#995 = ORIENTED_EDGE ( 'NONE', *, *, #1094, .F. ) ;
#996 = DIRECTION ( 'NONE',  ( 0.000000000000000000, 0.000000000000000000, -1.000000000000000000 ) ) ;
#997 = PERSON_AND_ORGANIZATION ( #426, #2279 ) ;
#998 = CARTESIAN_POINT ( 'NONE',  ( -11.49999999999999289, -2.600000000000000533, 19.75000000000001066 ) ) ;
#999 = DIRECTION ( 'NONE',  ( -1.000000000000000000, 0.000000000000000000, 0.000000000000000000 ) ) ;
#1000 = ORIENTED_EDGE ( 'NONE', *, *, #2565, .T. ) ;
#1001 = EDGE_CURVE ( 'NONE', #21, #2540, #38, .T. ) ;
#1002 = ORIENTED_EDGE ( 'NONE', *, *, #1595, .F. ) ;
#1003 = EDGE_CURVE ( 'NONE', #308, #923, #2358, .T. ) ;
#1004 = CYLINDRICAL_SURFACE ( 'NONE', #121, 2.000000000000001776 ) ;
#1005 = PLANE ( 'NONE',  #2231 ) ;
#1006 = ORIENTED_EDGE ( 'NONE', *, *, #908, .T. ) ;
#1007 = CARTESIAN_POINT ( 'NONE',  ( -37.40000000000000568, 12.33528137423857807, 11.75000000000000533 ) ) ;
#1008 = CIRCLE ( 'NONE', #760, 2.000000000000008882 ) ;
#1009 = AXIS2_PLACEMENT_3D ( 'NONE', #1333, #2169, #924 ) ;
#1010 = DIRECTION ( 'NONE',  ( -0.000000000000000000, 1.000000000000000000, -0.000000000000000000 ) ) ;
#1011 = AXIS2_PLACEMENT_3D ( 'NONE', #1467, #2082, #1270 ) ;
#1012 = DIRECTION ( 'NONE',  ( -0.000000000000000000, -1.000000000000000000, -0.000000000000000000 ) ) ;
#1013 = AXIS2_PLACEMENT_3D ( 'NONE', #2335, #485, #2129 ) ;
#1014 = VECTOR ( 'NONE', #35, 1000.000000000000000 ) ;
#1015 = VERTEX_POINT ( 'NONE', #411 ) ;
#1016 = VECTOR ( 'NONE', #1841, 1000.000000000000000 ) ;
#1017 = LINE ( 'NONE', #521, #672 ) ;
#1018 = ADVANCED_FACE ( 'NONE', ( #1046 ), #1004, .T. ) ;
#1019 = VECTOR ( 'NONE', #2578, 1000.000000000000000 ) ;
#1020 = CARTESIAN_POINT ( 'NONE',  ( 46.50000000000000711, 0.000000000000000000, 4.750000000000006217 ) ) ;
#1021 = CARTESIAN_POINT ( 'NONE',  ( 43.50000000000001421, -2.600000000000000533, 28.75000000000001776 ) ) ;
#1022 = EDGE_CURVE ( 'NONE', #775, #2317, #1609, .T. ) ;
#1023 = AXIS2_PLACEMENT_3D ( 'NONE', #1769, #1793, #2637 ) ;
#1024 = ORIENTED_EDGE ( 'NONE', *, *, #1897, .T. ) ;
#1025 = LOCAL_TIME ( 0, 3, 8.000000000000000000, #1986 ) ;
#1026 = CARTESIAN_POINT ( 'NONE',  ( -40.49999999999999289, 1.850000000000000089, -37.25000000000000000 ) ) ;
#1027 = APPROVAL_ROLE ( '' ) ;
#1028 = ADVANCED_FACE ( 'NONE', ( #1223 ), #840, .F. ) ;
#1029 = DIRECTION ( 'NONE',  ( 0.000000000000000000, 0.000000000000000000, -1.000000000000000000 ) ) ;
#1030 = CARTESIAN_POINT ( 'NONE',  ( 19.49999999999998934, 1.850000000000000977, 43.75000000000000000 ) ) ;
#1031 = CARTESIAN_POINT ( 'NONE',  ( -52.89999999999999147, 1.850000000000000089, 43.89999999999999147 ) ) ;
#1032 = APPROVAL ( #352, '未指定' ) ;
#1033 = ORIENTED_EDGE ( 'NONE', *, *, #1641, .T. ) ;
#1034 = DIRECTION ( 'NONE',  ( 0.000000000000000000, 0.000000000000000000, 1.000000000000000000 ) ) ;
#1035 = DIRECTION ( 'NONE',  ( 0.000000000000000000, 0.000000000000000000, -1.000000000000000000 ) ) ;
#1036 = CARTESIAN_POINT ( 'NONE',  ( -7.499999999999985789, -2.600000000000000533, -35.74999999999997868 ) ) ;
#1037 = ORIENTED_EDGE ( 'NONE', *, *, #1166, .T. ) ;
#1038 = EDGE_CURVE ( 'NONE', #1928, #1851, #815, .T. ) ;
#1039 = LINE ( 'NONE', #1255, #1160 ) ;
#1040 = LINE ( 'NONE', #2081, #328 ) ;
#1041 = DIRECTION ( 'NONE',  ( 0.000000000000000000, -0.000000000000000000, -1.000000000000000000 ) ) ;
#1042 = EDGE_CURVE ( 'NONE', #1563, #928, #79, .T. ) ;
#1043 = DIRECTION ( 'NONE',  ( -0.000000000000000000, 1.000000000000000000, -0.000000000000000000 ) ) ;
#1044 = DIRECTION ( 'NONE',  ( -0.000000000000000000, -0.000000000000000000, 1.000000000000000000 ) ) ;
#1045 = EDGE_LOOP ( 'NONE', ( #366, #506 ) ) ;
#1046 = FACE_OUTER_BOUND ( 'NONE', #1189, .T. ) ;
#1047 = CYLINDRICAL_SURFACE ( 'NONE', #211, 2.649999999999999467 ) ;
#1048 = ORIENTED_EDGE ( 'NONE', *, *, #747, .F. ) ;
#1049 = CARTESIAN_POINT ( 'NONE',  ( 46.50000000000000711, 15.16370849898475193, 0.7500000000000075495 ) ) ;
#1050 = PERSON_AND_ORGANIZATION_ROLE ( 'design_supplier' ) ;
#1051 = CARTESIAN_POINT ( 'NONE',  ( -28.49999999999999289, 0.000000000000000000, 40.89999999999999858 ) ) ;
#1052 = LINE ( 'NONE', #46, #1831 ) ;
#1053 = DIRECTION ( 'NONE',  ( 0.000000000000000000, -1.000000000000000000, 0.000000000000000000 ) ) ;
#1054 = CARTESIAN_POINT ( 'NONE',  ( -28.49999999999999289, 0.000000000000000000, 36.89999999999999858 ) ) ;
#1055 = DIRECTION ( 'NONE',  ( 0.000000000000000000, -1.000000000000000000, 0.000000000000000000 ) ) ;
#1056 = AXIS2_PLACEMENT_3D ( 'NONE', #998, #1792, #1207 ) ;
#1057 = EDGE_CURVE ( 'NONE', #1015, #2072, #2241, .T. ) ;
#1058 = LINE ( 'NONE', #685, #1014 ) ;
#1059 = VECTOR ( 'NONE', #1824, 1000.000000000000000 ) ;
#1060 = VERTEX_POINT ( 'NONE', #2263 ) ;
#1061 = DIRECTION ( 'NONE',  ( 0.000000000000000000, 0.000000000000000000, -1.000000000000000000 ) ) ;
#1062 = DIRECTION ( 'NONE',  ( -0.000000000000000000, 0.7071067811865463515, -0.7071067811865487940 ) ) ;
#1063 = VECTOR ( 'NONE', #1826, 1000.000000000000000 ) ;
#1064 = ORIENTED_EDGE ( 'NONE', *, *, #1152, .F. ) ;
#1065 = ADVANCED_FACE ( 'NONE', ( #2652 ), #1624, .T. ) ;
#1066 = VECTOR ( 'NONE', #1247, 1000.000000000000000 ) ;
#1067 = VERTEX_POINT ( 'NONE', #1422 ) ;
#1068 = DIRECTION ( 'NONE',  ( -0.000000000000000000, 0.000000000000000000, 1.000000000000000000 ) ) ;
#1069 = CIRCLE ( 'NONE', #89, 3.999999999999998224 ) ;
#1070 = ORIENTED_EDGE ( 'NONE', *, *, #1627, .F. ) ;
#1071 = VECTOR ( 'NONE', #267, 1000.000000000000000 ) ;
#1072 = CARTESIAN_POINT ( 'NONE',  ( -40.49999999999999289, -2.600000000000000533, -37.25000000000000000 ) ) ;
#1073 = CARTESIAN_POINT ( 'NONE',  ( 46.50000000000000711, 0.000000000000000000, -3.249999999999990674 ) ) ;
#1074 = DIRECTION ( 'NONE',  ( 0.000000000000000000, 0.000000000000000000, -1.000000000000000000 ) ) ;
#1075 = ORIENTED_EDGE ( 'NONE', *, *, #1341, .T. ) ;
#1076 = CARTESIAN_POINT ( 'NONE',  ( -40.49999999999999289, 0.000000000000000000, -34.74999999999999289 ) ) ;
#1077 = CARTESIAN_POINT ( 'NONE',  ( -22.49999999999998579, 0.000000000000000000, -16.74999999999998934 ) ) ;
#1078 = EDGE_CURVE ( 'NONE', #1657, #1608, #1235, .T. ) ;
#1079 = LINE ( 'NONE', #1473, #1577 ) ;
#1080 = FACE_OUTER_BOUND ( 'NONE', #139, .T. ) ;
#1081 = ORIENTED_EDGE ( 'NONE', *, *, #658, .T. ) ;
#1082 = CARTESIAN_POINT ( 'NONE',  ( 2.100000000000000089, 1.649999999999999467, 44.57279220613578730 ) ) ;
#1083 = ORIENTED_EDGE ( 'NONE', *, *, #2467, .T. ) ;
#1084 = DIRECTION ( 'NONE',  ( 0.000000000000000000, -1.000000000000000000, 0.000000000000000000 ) ) ;
#1085 = FACE_OUTER_BOUND ( 'NONE', #2450, .T. ) ;
#1086 = CARTESIAN_POINT ( 'NONE',  ( 51.50000000000000711, 1.850000000000000089, -37.24999999999999289 ) ) ;
#1087 = ORIENTED_EDGE ( 'NONE', *, *, #1795, .T. ) ;
#1088 = PLANE ( 'NONE',  #2444 ) ;
#1089 = ORIENTED_EDGE ( 'NONE', *, *, #1858, .T. ) ;
#1090 = ADVANCED_FACE ( 'NONE', ( #1852 ), #23, .T. ) ;
#1091 = CARTESIAN_POINT ( 'NONE',  ( -37.39999999999999858, 2.649999999999999467, -13.74999999999999467 ) ) ;
#1092 = CARTESIAN_POINT ( 'NONE',  ( -54.89999999999999147, 3.850000000000000089, 43.89999999999997726 ) ) ;
#1093 = ORIENTED_EDGE ( 'NONE', *, *, #620, .F. ) ;
#1094 = EDGE_CURVE ( 'NONE', #923, #308, #1109, .T. ) ;
#1095 = ORIENTED_EDGE ( 'NONE', *, *, #1357, .F. ) ;
#1096 = DIRECTION ( 'NONE',  ( 0.000000000000000000, 0.000000000000000000, -1.000000000000000000 ) ) ;
#1097 = LINE ( 'NONE', #920, #719 ) ;
#1098 = CARTESIAN_POINT ( 'NONE',  ( -37.39999999999999858, 0.8500000000000000888, -19.75000000000000000 ) ) ;
#1099 = CARTESIAN_POINT ( 'NONE',  ( -42.10000000000000853, 3.850000000000000089, 43.29999999999999716 ) ) ;
#1100 = VERTEX_POINT ( 'NONE', #284 ) ;
#1101 = DIRECTION ( 'NONE',  ( 1.035655806553317700E-16, 0.000000000000000000, -1.000000000000000000 ) ) ;
#1102 = VECTOR ( 'NONE', #2303, 1000.000000000000000 ) ;
#1103 = CARTESIAN_POINT ( 'NONE',  ( 36.49999999999999289, 32.45069929215019044, 20.75000000000001066 ) ) ;
#1104 = ORIENTED_EDGE ( 'NONE', *, *, #1663, .F. ) ;
#1105 = CARTESIAN_POINT ( 'NONE',  ( -42.10000000000000853, 2.922792206135786053, 43.29999999999999716 ) ) ;
#1106 = ADVANCED_FACE ( 'NONE', ( #261 ), #868, .F. ) ;
#1107 = AXIS2_PLACEMENT_3D ( 'NONE', #1202, #1313, #1116 ) ;
#1108 = VERTEX_POINT ( 'NONE', #472 ) ;
#1109 = CIRCLE ( 'NONE', #759, 2.500000000000000444 ) ;
#1110 = VECTOR ( 'NONE', #1637, 1000.000000000000000 ) ;
#1111 = ORIENTED_EDGE ( 'NONE', *, *, #393, .F. ) ;
#1112 = DIRECTION ( 'NONE',  ( 0.000000000000000000, 0.000000000000000000, -1.000000000000000000 ) ) ;
#1113 = CYLINDRICAL_SURFACE ( 'NONE', #1578, 2.000000000000001776 ) ;
#1114 = EDGE_CURVE ( 'NONE', #1762, #1797, #1485, .T. ) ;
#1115 = AXIS2_PLACEMENT_3D ( 'NONE', #2203, #1786, #168 ) ;
#1116 = DIRECTION ( 'NONE',  ( 0.000000000000000000, 0.000000000000000000, -1.000000000000000000 ) ) ;
#1117 = ADVANCED_FACE ( 'NONE', ( #272 ), #1334, .F. ) ;
#1118 = CARTESIAN_POINT ( 'NONE',  ( 12.50000000000001066, -2.600000000000000533, 6.250000000000008882 ) ) ;
#1119 = ORIENTED_EDGE ( 'NONE', *, *, #2445, .T. ) ;
#1120 = DIRECTION ( 'NONE',  ( -0.000000000000000000, 1.000000000000000000, -0.000000000000000000 ) ) ;
#1121 = CIRCLE ( 'NONE', #1198, 3.999999999999998224 ) ;
#1122 = CARTESIAN_POINT ( 'NONE',  ( 19.49999999999998934, 1.850000000000000977, 43.75000000000000000 ) ) ;
#1123 = AXIS2_PLACEMENT_3D ( 'NONE', #1817, #2176, #1766 ) ;
#1124 = ADVANCED_FACE ( 'NONE', ( #1706 ), #454, .F. ) ;
#1125 = DIRECTION ( 'NONE',  ( 0.000000000000000000, -0.000000000000000000, -1.000000000000000000 ) ) ;
#1126 = LINE ( 'NONE', #2507, #2146 ) ;
#1127 = ORIENTED_EDGE ( 'NONE', *, *, #1663, .T. ) ;
#1128 = DIRECTION ( 'NONE',  ( 0.000000000000000000, -1.000000000000000000, 0.000000000000000000 ) ) ;
#1129 = EDGE_LOOP ( 'NONE', ( #897, #702, #1561, #1742 ) ) ;
#1130 = FACE_OUTER_BOUND ( 'NONE', #916, .T. ) ;
#1131 = ADVANCED_FACE ( 'NONE', ( #1911 ), #712, .T. ) ;
#1132 = LINE ( 'NONE', #108, #2225 ) ;
#1133 = DIRECTION ( 'NONE',  ( 0.000000000000000000, 0.000000000000000000, -1.000000000000000000 ) ) ;
#1134 = ORIENTED_EDGE ( 'NONE', *, *, #581, .T. ) ;
#1135 = EDGE_CURVE ( 'NONE', #2545, #1902, #1126, .T. ) ;
#1136 = LINE ( 'NONE', #1560, #1611 ) ;
#1137 = CARTESIAN_POINT ( 'NONE',  ( 12.50000000000001066, -2.600000000000000533, 8.750000000000008882 ) ) ;
#1138 = VERTEX_POINT ( 'NONE', #1091 ) ;
#1139 = DIRECTION ( 'NONE',  ( 0.000000000000000000, 0.000000000000000000, -1.000000000000000000 ) ) ;
#1140 = ORIENTED_EDGE ( 'NONE', *, *, #2128, .T. ) ;
#1141 = CARTESIAN_POINT ( 'NONE',  ( -2.100000000000000089, 1.649999999999999467, 44.57279220613578730 ) ) ;
#1142 = DIRECTION ( 'NONE',  ( -0.000000000000000000, -1.000000000000000000, -0.000000000000000000 ) ) ;
#1143 = DIRECTION ( 'NONE',  ( 0.000000000000000000, 1.000000000000000000, -0.000000000000000000 ) ) ;
#1144 = ORIENTED_EDGE ( 'NONE', *, *, #945, .T. ) ;
#1145 = DIRECTION ( 'NONE',  ( -1.000000000000000000, 0.000000000000000000, -0.000000000000000000 ) ) ;
#1146 = EDGE_CURVE ( 'NONE', #771, #2480, #1079, .T. ) ;
#1147 = EDGE_LOOP ( 'NONE', ( #825, #1587, #2497, #556 ) ) ;
#1148 = PLANE ( 'NONE',  #1157 ) ;
#1149 = CIRCLE ( 'NONE', #1438, 3.000000000000000888 ) ;
#1150 = DIRECTION ( 'NONE',  ( 0.000000000000000000, 0.000000000000000000, 1.000000000000000000 ) ) ;
#1151 = AXIS2_PLACEMENT_3D ( 'NONE', #2642, #720, #2340 ) ;
#1152 = EDGE_CURVE ( 'NONE', #786, #263, #668, .T. ) ;
#1153 = VECTOR ( 'NONE', #58, 1000.000000000000000 ) ;
#1154 = AXIS2_PLACEMENT_3D ( 'NONE', #530, #1145, #2608 ) ;
#1155 = CIRCLE ( 'NONE', #124, 2.000000000000005329 ) ;
#1156 = ORIENTED_EDGE ( 'NONE', *, *, #1589, .F. ) ;
#1157 = AXIS2_PLACEMENT_3D ( 'NONE', #1953, #2183, #127 ) ;
#1158 = DIRECTION ( 'NONE',  ( 0.000000000000000000, 0.000000000000000000, -1.000000000000000000 ) ) ;
#1159 = LINE ( 'NONE', #2647, #981 ) ;
#1160 = VECTOR ( 'NONE', #602, 1000.000000000000000 ) ;
#1161 = EDGE_CURVE ( 'NONE', #928, #1563, #372, .T. ) ;
#1162 = VECTOR ( 'NONE', #2620, 1000.000000000000000 ) ;
#1163 = ORIENTED_EDGE ( 'NONE', *, *, #2445, .F. ) ;
#1164 = CARTESIAN_POINT ( 'NONE',  ( 2.100000000000000089, 3.850000000000000089, 43.29999999999999716 ) ) ;
#1165 = ORIENTED_EDGE ( 'NONE', *, *, #1997, .F. ) ;
#1166 = EDGE_CURVE ( 'NONE', #601, #389, #2348, .T. ) ;
#1167 = ORIENTED_EDGE ( 'NONE', *, *, #1858, .F. ) ;
#1168 = CARTESIAN_POINT ( 'NONE',  ( -26.49999999999999645, 0.8500000000000000888, 6.749999999999999112 ) ) ;
#1169 = CARTESIAN_POINT ( 'NONE',  ( 51.50000000000000711, 1.850000000000000089, -37.24999999999999289 ) ) ;
#1170 = VERTEX_POINT ( 'NONE', #1280 ) ;
#1171 = DIRECTION ( 'NONE',  ( 0.000000000000000000, -3.267618461850093704E-16, -1.000000000000000000 ) ) ;
#1172 = FACE_OUTER_BOUND ( 'NONE', #2148, .T. ) ;
#1173 = EDGE_LOOP ( 'NONE', ( #778, #106, #1598, #2639 ) ) ;
#1174 = DIRECTION ( 'NONE',  ( 0.000000000000000000, -1.000000000000000000, 0.000000000000000000 ) ) ;
#1175 = ORIENTED_EDGE ( 'NONE', *, *, #826, .T. ) ;
#1176 = CARTESIAN_POINT ( 'NONE',  ( -37.40000000000000568, 12.33528137423857807, 11.75000000000000533 ) ) ;
#1177 = CARTESIAN_POINT ( 'NONE',  ( -37.90000000000000568, 0.000000000000000000, 0.000000000000000000 ) ) ;
#1178 = EDGE_CURVE ( 'NONE', #642, #2022, #2102, .T. ) ;
#1179 = APPROVAL_ROLE ( '' ) ;
#1180 = EDGE_LOOP ( 'NONE', ( #736, #2170 ) ) ;
#1181 = DIRECTION ( 'NONE',  ( 1.000000000000000000, 0.000000000000000000, -3.154042683594195614E-16 ) ) ;
#1182 = DIRECTION ( 'NONE',  ( 0.000000000000000000, -1.000000000000000000, 0.000000000000000000 ) ) ;
#1183 = CARTESIAN_POINT ( 'NONE',  ( -42.10000000000000853, 1.649999999999999911, 45.89999999999999858 ) ) ;
#1184 = EDGE_LOOP ( 'NONE', ( #597, #763 ) ) ;
#1185 = DIRECTION ( 'NONE',  ( 0.000000000000000000, 1.000000000000000000, -0.000000000000000000 ) ) ;
#1186 = CARTESIAN_POINT ( 'NONE',  ( -30.89999999999999147, 0.8500000000000035305, -21.10000000000000853 ) ) ;
#1187 = EDGE_CURVE ( 'NONE', #2004, #1015, #2536, .T. ) ;
#1188 = CARTESIAN_POINT ( 'NONE',  ( 37.89999999999999858, 2.922792206135786053, 43.29999999999999716 ) ) ;
#1189 = EDGE_LOOP ( 'NONE', ( #1081, #2177, #137, #817 ) ) ;
#1190 = VECTOR ( 'NONE', #1212, 1000.000000000000000 ) ;
#1191 = DIRECTION ( 'NONE',  ( 0.000000000000000000, 0.000000000000000000, 1.000000000000000000 ) ) ;
#1192 = VERTEX_POINT ( 'NONE', #302 ) ;
#1193 = VECTOR ( 'NONE', #2153, 1000.000000000000000 ) ;
#1194 = LINE ( 'NONE', #2472, #1869 ) ;
#1195 = LINE ( 'NONE', #2399, #899 ) ;
#1196 = VECTOR ( 'NONE', #1667, 1000.000000000000000 ) ;
#1197 = EDGE_LOOP ( 'NONE', ( #2007, #1613 ) ) ;
#1198 = AXIS2_PLACEMENT_3D ( 'NONE', #1208, #2029, #187 ) ;
#1199 = ORIENTED_EDGE ( 'NONE', *, *, #1773, .T. ) ;
#1200 = VECTOR ( 'NONE', #1300, 1000.000000000000000 ) ;
#1201 = APPROVAL ( #248, '未指定' ) ;
#1202 = CARTESIAN_POINT ( 'NONE',  ( -37.39999999999999858, 12.33528137423857807, -16.74999999999999645 ) ) ;
#1203 = ORIENTED_EDGE ( 'NONE', *, *, #2462, .F. ) ;
#1204 = CARTESIAN_POINT ( 'NONE',  ( -30.89999999999999858, 0.8500000000000035305, 45.89999999999999858 ) ) ;
#1205 = ORIENTED_EDGE ( 'NONE', *, *, #70, .F. ) ;
#1206 = APPROVAL_STATUS ( 'not_yet_approved' ) ;
#1207 = DIRECTION ( 'NONE',  ( 0.000000000000000000, 0.000000000000000000, -1.000000000000000000 ) ) ;
#1208 = CARTESIAN_POINT ( 'NONE',  ( 46.50000000000000711, 1.849999999999999201, 0.7500000000000075495 ) ) ;
#1209 = ADVANCED_FACE ( 'NONE', ( #1898 ), #1535, .F. ) ;
#1210 = EDGE_LOOP ( 'NONE', ( #1811, #2635, #1000, #255, #1526, #2429, #580, #2234, #179, #2134, #805, #1363, #1888, #2218, #751, #514, #1634, #1024, #1033, #234 ) ) ;
#1211 = VERTEX_POINT ( 'NONE', #1722 ) ;
#1212 = DIRECTION ( 'NONE',  ( 1.000000000000000000, 0.000000000000000000, 0.000000000000000000 ) ) ;
#1213 = CARTESIAN_POINT ( 'NONE',  ( 51.50000000000000711, -2.600000000000000533, -37.24999999999999289 ) ) ;
#1214 = EDGE_LOOP ( 'NONE', ( #627, #2632, #2163, #380 ) ) ;
#1215 = CARTESIAN_POINT ( 'NONE',  ( 51.50000000000000711, -2.600000000000000533, -36.14999999999999147 ) ) ;
#1216 = ORIENTED_EDGE ( 'NONE', *, *, #2515, .F. ) ;
#1217 = CARTESIAN_POINT ( 'NONE',  ( -22.49999999999998579, 0.000000000000000000, -14.24999999999999112 ) ) ;
#1218 = EDGE_CURVE ( 'NONE', #385, #1737, #2549, .T. ) ;
#1219 = LINE ( 'NONE', #2287, #2020 ) ;
#1220 = EDGE_LOOP ( 'NONE', ( #1119, #2266 ) ) ;
#1221 = EDGE_CURVE ( 'NONE', #2367, #1138, #503, .T. ) ;
#1222 = DIRECTION ( 'NONE',  ( 0.000000000000000000, 0.000000000000000000, 1.000000000000000000 ) ) ;
#1223 = FACE_OUTER_BOUND ( 'NONE', #2470, .T. ) ;
#1224 = CARTESIAN_POINT ( 'NONE',  ( 52.89999999999999147, 3.850000000000000089, 45.89999999999999858 ) ) ;
#1225 = VERTEX_POINT ( 'NONE', #1746 ) ;
#1226 = LINE ( 'NONE', #830, #379 ) ;
#1227 = CIRCLE ( 'NONE', #1236, 2.000000000000005329 ) ;
#1228 = EDGE_CURVE ( 'NONE', #1225, #2118, #1788, .T. ) ;
#1229 = VERTEX_POINT ( 'NONE', #1887 ) ;
#1230 = AXIS2_PLACEMENT_3D ( 'NONE', #938, #557, #342 ) ;
#1231 = PLANE ( 'NONE',  #1827 ) ;
#1232 = DIRECTION ( 'NONE',  ( 0.000000000000000000, -0.7071067811865487940, -0.7071067811865463515 ) ) ;
#1233 = AXIS2_PLACEMENT_3D ( 'NONE', #2328, #446, #2313 ) ;
#1234 = LINE ( 'NONE', #2097, #2101 ) ;
#1235 = CIRCLE ( 'NONE', #798, 1.099999999999996758 ) ;
#1236 = AXIS2_PLACEMENT_3D ( 'NONE', #1489, #2495, #1035 ) ;
#1237 = ORIENTED_EDGE ( 'NONE', *, *, #1431, .F. ) ;
#1238 = CARTESIAN_POINT ( 'NONE',  ( -28.49999999999999289, -2.600000000000000533, 38.89999999999999858 ) ) ;
#1239 = PLANE ( 'NONE',  #1486 ) ;
#1240 = LINE ( 'NONE', #588, #2013 ) ;
#1241 = AXIS2_PLACEMENT_3D ( 'NONE', #177, #2238, #383 ) ;
#1242 = ORIENTED_EDGE ( 'NONE', *, *, #1775, .F. ) ;
#1243 = ADVANCED_FACE ( 'NONE', ( #1130 ), #74, .F. ) ;
#1244 = DIRECTION ( 'NONE',  ( 0.000000000000000000, 1.000000000000000000, 0.000000000000000000 ) ) ;
#1245 = ORIENTED_EDGE ( 'NONE', *, *, #142, .F. ) ;
#1246 = LINE ( 'NONE', #421, #1614 ) ;
#1247 = DIRECTION ( 'NONE',  ( -0.000000000000000000, 1.000000000000000000, -0.000000000000000000 ) ) ;
#1248 = CARTESIAN_POINT ( 'NONE',  ( -22.49999999999998579, -2.600000000000000533, -14.24999999999999112 ) ) ;
#1249 = ORIENTED_EDGE ( 'NONE', *, *, #316, .F. ) ;
#1250 = DIRECTION ( 'NONE',  ( 0.000000000000000000, -1.000000000000000000, 0.000000000000000000 ) ) ;
#1251 = DIRECTION ( 'NONE',  ( -1.000000000000000000, 0.000000000000000000, 0.000000000000000000 ) ) ;
#1252 = CARTESIAN_POINT ( 'NONE',  ( -52.89999999999997726, 0.000000000000000000, 45.89999999999999858 ) ) ;
#1253 = ORIENTED_EDGE ( 'NONE', *, *, #1612, .F. ) ;
#1254 = ORIENTED_EDGE ( 'NONE', *, *, #19, .T. ) ;
#1255 = CARTESIAN_POINT ( 'NONE',  ( 37.89999999999999858, 3.850000000000000089, 45.89999999999999858 ) ) ;
#1256 = ADVANCED_FACE ( 'NONE', ( #2120 ), #1311, .F. ) ;
#1257 = PERSON_AND_ORGANIZATION_ROLE ( 'classification_officer' ) ;
#1258 = ORIENTED_EDGE ( 'NONE', *, *, #56, .F. ) ;
#1259 = DIRECTION ( 'NONE',  ( 0.000000000000000000, 0.000000000000000000, -1.000000000000000000 ) ) ;
#1260 = FACE_OUTER_BOUND ( 'NONE', #2498, .T. ) ;
#1261 = DIRECTION ( 'NONE',  ( -1.000000000000000000, 0.000000000000000000, 0.000000000000000000 ) ) ;
#1262 = CARTESIAN_POINT ( 'NONE',  ( -37.90000000000000568, 3.850000000000000089, 45.89999999999999858 ) ) ;
#1263 = ORIENTED_EDGE ( 'NONE', *, *, #348, .T. ) ;
#1264 = EDGE_CURVE ( 'NONE', #1559, #2553, #1297, .T. ) ;
#1265 = DIRECTION ( 'NONE',  ( 0.000000000000000000, 0.000000000000000000, -1.000000000000000000 ) ) ;
#1266 = DIRECTION ( 'NONE',  ( 0.000000000000000000, -0.000000000000000000, 1.000000000000000000 ) ) ;
#1267 = ORIENTED_EDGE ( 'NONE', *, *, #1385, .F. ) ;
#1268 = ORIENTED_EDGE ( 'NONE', *, *, #1078, .T. ) ;
#1269 = DIRECTION ( 'NONE',  ( -0.000000000000000000, -1.000000000000000000, -0.000000000000000000 ) ) ;
#1270 = DIRECTION ( 'NONE',  ( 0.000000000000000000, 0.000000000000000000, -1.000000000000000000 ) ) ;
#1271 = DIRECTION ( 'NONE',  ( 0.000000000000000000, 0.000000000000000000, -1.000000000000000000 ) ) ;
#1272 = CARTESIAN_POINT ( 'NONE',  ( -2.100000000000000089, 2.922792206135786053, 43.29999999999999716 ) ) ;
#1273 = ORIENTED_EDGE ( 'NONE', *, *, #1304, .F. ) ;
#1274 = VECTOR ( 'NONE', #2160, 1000.000000000000000 ) ;
#1275 = DIRECTION ( 'NONE',  ( 0.000000000000000000, -1.000000000000000000, 0.000000000000000000 ) ) ;
#1276 = AXIS2_PLACEMENT_3D ( 'NONE', #1176, #1931, #180 ) ;
#1277 = ORIENTED_EDGE ( 'NONE', *, *, #508, .T. ) ;
#1278 = VECTOR ( 'NONE', #2339, 1000.000000000000000 ) ;
#1279 = AXIS2_PLACEMENT_3D ( 'NONE', #2207, #1181, #1847 ) ;
#1280 = CARTESIAN_POINT ( 'NONE',  ( 37.89999999999999858, 1.649999999999999911, 45.89999999999999858 ) ) ;
#1281 = DIRECTION ( 'NONE',  ( 0.000000000000000000, -3.267618461850093704E-16, -1.000000000000000000 ) ) ;
#1282 = ORIENTED_EDGE ( 'NONE', *, *, #117, .T. ) ;
#1283 = VECTOR ( 'NONE', #359, 1000.000000000000000 ) ;
#1284 = ORIENTED_EDGE ( 'NONE', *, *, #1540, .F. ) ;
#1285 = CARTESIAN_POINT ( 'NONE',  ( 46.50000000000000711, 1.849999999999999201, 4.750000000000006217 ) ) ;
#1286 = AXIS2_PLACEMENT_3D ( 'NONE', #2596, #1191, #743 ) ;
#1287 = FACE_OUTER_BOUND ( 'NONE', #1709, .T. ) ;
#1288 = CARTESIAN_POINT ( 'NONE',  ( 51.50000000000000711, -2.600000000000000533, -34.74999999999998579 ) ) ;
#1289 = CARTESIAN_POINT ( 'NONE',  ( -54.89999999999999147, 0.8500000000000035305, 45.89999999999999858 ) ) ;
#1290 = VERTEX_POINT ( 'NONE', #1476 ) ;
#1291 = EDGE_CURVE ( 'NONE', #911, #1809, #872, .T. ) ;
#1292 = DIRECTION ( 'NONE',  ( -0.000000000000000000, -0.000000000000000000, 1.000000000000000000 ) ) ;
#1293 = EDGE_CURVE ( 'NONE', #1108, #1920, #674, .T. ) ;
#1294 = DIRECTION ( 'NONE',  ( 0.000000000000000000, 0.000000000000000000, 1.000000000000000000 ) ) ;
#1295 = DIRECTION ( 'NONE',  ( 0.000000000000000000, 0.000000000000000000, -1.000000000000000000 ) ) ;
#1296 = VERTEX_POINT ( 'NONE', #2108 ) ;
#1297 = LINE ( 'NONE', #1679, #1153 ) ;
#1298 = EDGE_LOOP ( 'NONE', ( #2030, #2011, #43, #1908 ) ) ;
#1299 = FACE_BOUND ( 'NONE', #1184, .T. ) ;
#1300 = DIRECTION ( 'NONE',  ( -0.000000000000000000, 1.000000000000000000, -0.000000000000000000 ) ) ;
#1301 = ORIENTED_EDGE ( 'NONE', *, *, #2083, .T. ) ;
#1302 = CARTESIAN_POINT ( 'NONE',  ( 54.90000000000000568, 3.850000000000000089, 43.89999999999997726 ) ) ;
#1303 = DIRECTION ( 'NONE',  ( -0.000000000000000000, -1.000000000000000000, -0.000000000000000000 ) ) ;
#1304 = EDGE_CURVE ( 'NONE', #1753, #1879, #459, .T. ) ;
#1305 = DIRECTION ( 'NONE',  ( 0.000000000000000000, -1.000000000000000000, 0.000000000000000000 ) ) ;
#1306 = EDGE_CURVE ( 'NONE', #1734, #1896, #717, .T. ) ;
#1307 = DIRECTION ( 'NONE',  ( 0.000000000000000000, 1.000000000000000000, -0.000000000000000000 ) ) ;
#1308 = DIRECTION ( 'NONE',  ( 0.000000000000000000, -0.000000000000000000, -1.000000000000000000 ) ) ;
#1309 = EDGE_LOOP ( 'NONE', ( #1690, #2205, #853, #165 ) ) ;
#1310 = ADVANCED_FACE ( 'NONE', ( #2555 ), #1326, .T. ) ;
#1311 = PLANE ( 'NONE',  #1324 ) ;
#1312 = EDGE_CURVE ( 'NONE', #1353, #2261, #1538, .T. ) ;
#1313 = DIRECTION ( 'NONE',  ( -0.000000000000000000, -1.000000000000000000, -0.000000000000000000 ) ) ;
#1314 = LINE ( 'NONE', #2124, #2454 ) ;
#1315 = ORIENTED_EDGE ( 'NONE', *, *, #2400, .T. ) ;
#1316 = CARTESIAN_POINT ( 'NONE',  ( 42.10000000000000142, 3.850000000000000089, 45.89999999999999858 ) ) ;
#1317 = DIRECTION ( 'NONE',  ( 0.000000000000000000, 1.000000000000000000, 0.000000000000000000 ) ) ;
#1318 = CIRCLE ( 'NONE', #1233, 2.649999999999999467 ) ;
#1319 = DIRECTION ( 'NONE',  ( -0.000000000000000000, 1.000000000000000000, -0.000000000000000000 ) ) ;
#1320 = ORIENTED_EDGE ( 'NONE', *, *, #2249, .T. ) ;
#1321 = DIRECTION ( 'NONE',  ( 0.000000000000000000, -0.000000000000000000, -1.000000000000000000 ) ) ;
#1322 = AXIS2_PLACEMENT_3D ( 'NONE', #640, #801, #439 ) ;
#1323 = EDGE_LOOP ( 'NONE', ( #1277, #1805 ) ) ;
#1324 = AXIS2_PLACEMENT_3D ( 'NONE', #1738, #2567, #477 ) ;
#1325 = DIRECTION ( 'NONE',  ( 0.000000000000000000, -0.000000000000000000, -1.000000000000000000 ) ) ;
#1326 = CYLINDRICAL_SURFACE ( 'NONE', #27, 2.000000000000001776 ) ;
#1327 = EDGE_CURVE ( 'NONE', #1966, #196, #290, .T. ) ;
#1328 = DIRECTION ( 'NONE',  ( 0.000000000000000000, 0.000000000000000000, 1.000000000000000000 ) ) ;
#1329 = CIRCLE ( 'NONE', #1929, 2.000000000000001776 ) ;
#1330 = DIRECTION ( 'NONE',  ( 0.000000000000000000, -1.000000000000000000, 0.000000000000000000 ) ) ;
#1331 = ORIENTED_EDGE ( 'NONE', *, *, #2168, .F. ) ;
#1332 = VECTOR ( 'NONE', #617, 1000.000000000000000 ) ;
#1333 = CARTESIAN_POINT ( 'NONE',  ( -22.49999999999998579, -2.600000000000000533, -14.24999999999999112 ) ) ;
#1334 = PLANE ( 'NONE',  #2443 ) ;
#1335 = ORIENTED_EDGE ( 'NONE', *, *, #1557, .T. ) ;
#1336 = CARTESIAN_POINT ( 'NONE',  ( -52.89999999999997726, 3.850000000000000089, -45.89999999999999858 ) ) ;
#1337 = CARTESIAN_POINT ( 'NONE',  ( -52.89999999999997726, 3.850000000000000089, 45.89999999999999858 ) ) ;
#1338 = ORIENTED_EDGE ( 'NONE', *, *, #175, .F. ) ;
#1339 = ORIENTED_EDGE ( 'NONE', *, *, #1985, .T. ) ;
#1340 = PLANE ( 'NONE',  #1366 ) ;
#1341 = EDGE_CURVE ( 'NONE', #772, #1689, #1097, .T. ) ;
#1342 = CARTESIAN_POINT ( 'NONE',  ( 45.50000000000001421, -2.600000000000000533, 28.75000000000001776 ) ) ;
#1343 = LINE ( 'NONE', #1558, #2179 ) ;
#1344 = ADVANCED_FACE ( 'NONE', ( #2541 ), #247, .F. ) ;
#1345 = CARTESIAN_POINT ( 'NONE',  ( -1.499999999999994449, 0.000000000000000000, 36.89999999999999858 ) ) ;
#1346 = ORIENTED_EDGE ( 'NONE', *, *, #1306, .T. ) ;
#1347 = FACE_OUTER_BOUND ( 'NONE', #971, .T. ) ;
#1348 = CYLINDRICAL_SURFACE ( 'NONE', #368, 2.499999999999998668 ) ;
#1349 = ADVANCED_FACE ( 'NONE', ( #657 ), #1113, .T. ) ;
#1350 = ORIENTED_EDGE ( 'NONE', *, *, #322, .F. ) ;
#1351 = FACE_BOUND ( 'NONE', #2436, .T. ) ;
#1352 = ORIENTED_EDGE ( 'NONE', *, *, #1897, .F. ) ;
#1353 = VERTEX_POINT ( 'NONE', #1285 ) ;
#1354 = CARTESIAN_POINT ( 'NONE',  ( 51.50000000000000711, 1.850000000000000089, -36.14999999999999147 ) ) ;
#1355 = ORIENTED_EDGE ( 'NONE', *, *, #1454, .T. ) ;
#1356 = VERTEX_POINT ( 'NONE', #264 ) ;
#1357 = EDGE_CURVE ( 'NONE', #268, #992, #2525, .T. ) ;
#1358 = CARTESIAN_POINT ( 'NONE',  ( 37.89999999999999858, 3.850000000000000089, 43.29999999999999716 ) ) ;
#1359 = VECTOR ( 'NONE', #1120, 1000.000000000000000 ) ;
#1360 = AXIS2_PLACEMENT_3D ( 'NONE', #1458, #1275, #696 ) ;
#1361 = CARTESIAN_POINT ( 'NONE',  ( -30.89999999999999503, 0.8500000000000000888, 7.693398113205679678 ) ) ;
#1362 = AXIS2_PLACEMENT_3D ( 'NONE', #1582, #1760, #1768 ) ;
#1363 = ORIENTED_EDGE ( 'NONE', *, *, #913, .T. ) ;
#1364 = LINE ( 'NONE', #131, #626 ) ;
#1365 = AXIS2_PLACEMENT_3D ( 'NONE', #790, #167, #2556 ) ;
#1366 = AXIS2_PLACEMENT_3D ( 'NONE', #703, #1527, #1325 ) ;
#1367 = LINE ( 'NONE', #785, #1162 ) ;
#1368 = VERTEX_POINT ( 'NONE', #1082 ) ;
#1369 = CIRCLE ( 'NONE', #252, 2.500000000000002220 ) ;
#1370 = CARTESIAN_POINT ( 'NONE',  ( -54.89999999999999147, 3.850000000000000089, 43.89999999999997726 ) ) ;
#1371 = EDGE_CURVE ( 'NONE', #1559, #57, #490, .T. ) ;
#1372 = FACE_OUTER_BOUND ( 'NONE', #619, .T. ) ;
#1373 = CIRCLE ( 'NONE', #2324, 2.000000000000001776 ) ;
#1374 = VERTEX_POINT ( 'NONE', #2136 ) ;
#1376 = EDGE_CURVE ( 'NONE', #570, #2558, #2575, .T. ) ;
#1375 = LINE ( 'NONE', #955, #1019 ) ;
#1377 = ORIENTED_EDGE ( 'NONE', *, *, #2660, .F. ) ;
#1378 = LINE ( 'NONE', #1600, #931 ) ;
#1379 = FACE_OUTER_BOUND ( 'NONE', #1424, .T. ) ;
#1380 = COORDINATED_UNIVERSAL_TIME_OFFSET ( 8, 0, .AHEAD. ) ;
#1381 = ORIENTED_EDGE ( 'NONE', *, *, #913, .F. ) ;
#1382 = ORIENTED_EDGE ( 'NONE', *, *, #178, .F. ) ;
#1383 = LINE ( 'NONE', #1358, #1274 ) ;
#1384 = LINE ( 'NONE', #2209, #301 ) ;
#1385 = EDGE_CURVE ( 'NONE', #2367, #723, #319, .T. ) ;
#1386 = DIRECTION ( 'NONE',  ( -0.000000000000000000, 0.7071067811865463515, -0.7071067811865487940 ) ) ;
#1387 = VERTEX_POINT ( 'NONE', #1575 ) ;
#1388 = ADVANCED_FACE ( 'NONE', ( #1379 ), #984, .T. ) ;
#1389 = CYLINDRICAL_SURFACE ( 'NONE', #1107, 3.000000000000002665 ) ;
#1390 = DIRECTION ( 'NONE',  ( 0.000000000000000000, -1.000000000000000000, 0.000000000000000000 ) ) ;
#1391 = VERTEX_POINT ( 'NONE', #1968 ) ;
#1392 = LINE ( 'NONE', #1730, #1705 ) ;
#1393 = ORIENTED_EDGE ( 'NONE', *, *, #447, .F. ) ;
#1394 = PLANE ( 'NONE',  #2143 ) ;
#1395 = DIRECTION ( 'NONE',  ( 0.000000000000000000, 0.000000000000000000, -1.000000000000000000 ) ) ;
#1396 = ORIENTED_EDGE ( 'NONE', *, *, #821, .T. ) ;
#1397 = ORIENTED_EDGE ( 'NONE', *, *, #2581, .F. ) ;
#1398 = DIRECTION ( 'NONE',  ( 1.000000000000000000, -0.000000000000000000, -0.000000000000000000 ) ) ;
#1399 = LINE ( 'NONE', #1036, #1752 ) ;
#1400 = VECTOR ( 'NONE', #710, 1000.000000000000000 ) ;
#1401 = VERTEX_POINT ( 'NONE', #1354 ) ;
#1402 = AXIS2_PLACEMENT_3D ( 'NONE', #293, #1947, #1727 ) ;
#1403 = ADVANCED_FACE ( 'NONE', ( #1956 ), #573, .F. ) ;
#1404 = ORIENTED_EDGE ( 'NONE', *, *, #1627, .T. ) ;
#1405 = LINE ( 'NONE', #822, #968 ) ;
#1406 = VECTOR ( 'NONE', #2214, 1000.000000000000000 ) ;
#1407 = CARTESIAN_POINT ( 'NONE',  ( -7.499999999999985789, -2.600000000000000533, -35.74999999999997868 ) ) ;
#1408 = AXIS2_PLACEMENT_3D ( 'NONE', #2274, #2094, #2070 ) ;
#1409 = EDGE_LOOP ( 'NONE', ( #783, #2175, #452, #296, #1567, #1413, #2600, #644 ) ) ;
#1410 = AXIS2_PLACEMENT_3D ( 'NONE', #2268, #445, #628 ) ;
#1411 = CARTESIAN_POINT ( 'NONE',  ( 51.50000000000000711, 0.000000000000000000, -37.24999999999999289 ) ) ;
#1412 = CARTESIAN_POINT ( 'NONE',  ( -40.49999999999999289, 1.850000000000000089, -38.34999999999999432 ) ) ;
#1413 = ORIENTED_EDGE ( 'NONE', *, *, #1981, .F. ) ;
#1414 = CYLINDRICAL_SURFACE ( 'NONE', #34, 3.000000000000000888 ) ;
#1415 = ADVANCED_FACE ( 'NONE', ( #351 ), #957, .F. ) ;
#1416 = DIRECTION ( 'NONE',  ( 0.000000000000000000, 1.000000000000000000, -0.000000000000000000 ) ) ;
#1417 = PLANE ( 'NONE',  #2451 ) ;
#1418 = ORIENTED_EDGE ( 'NONE', *, *, #2073, .F. ) ;
#1419 = EDGE_CURVE ( 'NONE', #57, #1531, #1155, .T. ) ;
#1420 = ORIENTED_EDGE ( 'NONE', *, *, #606, .F. ) ;
#1421 = APPROVAL ( #1206, '未指定' ) ;
#1422 = CARTESIAN_POINT ( 'NONE',  ( -30.89999999999999503, 0.8500000000000035305, 5.806601886794306111 ) ) ;
#1423 = CARTESIAN_POINT ( 'NONE',  ( -26.49999999999999645, 16.57792206135785662, 6.749999999999999112 ) ) ;
#1424 = EDGE_LOOP ( 'NONE', ( #680, #1804, #1547, #424, #1350 ) ) ;
#1425 = EDGE_CURVE ( 'NONE', #1814, #1067, #1833, .T. ) ;
#1426 = DIRECTION ( 'NONE',  ( 0.000000000000000000, 0.000000000000000000, 1.000000000000000000 ) ) ;
#1427 = DIRECTION ( 'NONE',  ( -0.000000000000000000, -1.000000000000000000, -0.000000000000000000 ) ) ;
#1428 = LINE ( 'NONE', #2517, #1066 ) ;
#1429 = CARTESIAN_POINT ( 'NONE',  ( -2.100000000000000089, 3.850000000000000089, 43.29999999999999716 ) ) ;
#1430 = ORIENTED_EDGE ( 'NONE', *, *, #1304, .T. ) ;
#1431 = EDGE_CURVE ( 'NONE', #859, #1830, #338, .T. ) ;
#1432 = DIRECTION ( 'NONE',  ( -0.000000000000000000, 1.000000000000000000, -0.000000000000000000 ) ) ;
#1433 = DIRECTION ( 'NONE',  ( -0.000000000000000000, -1.000000000000000000, -0.000000000000000000 ) ) ;
#1434 = LINE ( 'NONE', #378, #2187 ) ;
#1435 = EDGE_LOOP ( 'NONE', ( #1944, #744, #1459, #1006 ) ) ;
#1436 = CARTESIAN_POINT ( 'NONE',  ( 45.50000000000001421, -2.600000000000000533, 30.75000000000002132 ) ) ;
#1437 = VECTOR ( 'NONE', #1292, 1000.000000000000000 ) ;
#1438 = AXIS2_PLACEMENT_3D ( 'NONE', #369, #1416, #1606 ) ;
#1439 = CARTESIAN_POINT ( 'NONE',  ( -42.10000000000000853, 1.649999999999999911, 45.89999999999999858 ) ) ;
#1440 = CARTESIAN_POINT ( 'NONE',  ( -28.49999999999999289, -2.600000000000000533, 36.89999999999999858 ) ) ;
#1441 = CARTESIAN_POINT ( 'NONE',  ( 45.50000000000001421, -2.600000000000000533, 28.75000000000001776 ) ) ;
#1442 = CIRCLE ( 'NONE', #2650, 2.000000000000001776 ) ;
#1443 = DIRECTION ( 'NONE',  ( 0.000000000000000000, -1.000000000000000000, 0.000000000000000000 ) ) ;
#1444 = AXIS2_PLACEMENT_3D ( 'NONE', #1661, #2562, #53 ) ;
#1445 = EDGE_CURVE ( 'NONE', #535, #1391, #721, .T. ) ;
#1446 = EDGE_CURVE ( 'NONE', #21, #415, #116, .T. ) ;
#1447 = DIRECTION ( 'NONE',  ( 0.000000000000000000, 0.000000000000000000, -1.000000000000000000 ) ) ;
#1448 = DIRECTION ( 'NONE',  ( 0.000000000000000000, 0.000000000000000000, 1.000000000000000000 ) ) ;
#1449 = AXIS2_PLACEMENT_3D ( 'NONE', #1429, #33, #1261 ) ;
#1450 = ORIENTED_EDGE ( 'NONE', *, *, #2347, .F. ) ;
#1451 = AXIS2_PLACEMENT_3D ( 'NONE', #81, #1480, #2557 ) ;
#1452 = LINE ( 'NONE', #1868, #37 ) ;
#1453 = ORIENTED_EDGE ( 'NONE', *, *, #1264, .F. ) ;
#1454 = EDGE_CURVE ( 'NONE', #1353, #978, #2583, .T. ) ;
#1455 = CARTESIAN_POINT ( 'NONE',  ( 37.89999999999999858, 1.649999999999999911, 45.89999999999999858 ) ) ;
#1456 = DIRECTION ( 'NONE',  ( -0.000000000000000000, 1.000000000000000000, -0.000000000000000000 ) ) ;
#1457 = DIRECTION ( 'NONE',  ( 0.000000000000000000, 0.000000000000000000, 1.000000000000000000 ) ) ;
#1458 = CARTESIAN_POINT ( 'NONE',  ( -40.49999999999999289, 0.000000000000000000, -37.25000000000000000 ) ) ;
#1459 = ORIENTED_EDGE ( 'NONE', *, *, #2312, .F. ) ;
#1460 = DIRECTION ( 'NONE',  ( 0.000000000000000000, -1.000000000000000000, 0.000000000000000000 ) ) ;
#1461 = ORIENTED_EDGE ( 'NONE', *, *, #950, .T. ) ;
#1462 = CARTESIAN_POINT ( 'NONE',  ( 42.10000000000000142, 1.649999999999999911, 45.89999999999999858 ) ) ;
#1463 = EDGE_LOOP ( 'NONE', ( #1863, #1646, #2198, #575 ) ) ;
#1464 = EDGE_LOOP ( 'NONE', ( #1602, #354, #553, #2193 ) ) ;
#1465 = FACE_OUTER_BOUND ( 'NONE', #1605, .T. ) ;
#1466 = ORIENTED_EDGE ( 'NONE', *, *, #1161, .F. ) ;
#1467 = CARTESIAN_POINT ( 'NONE',  ( -26.49999999999999645, 0.000000000000000000, 6.749999999999999112 ) ) ;
#1468 = CARTESIAN_POINT ( 'NONE',  ( 51.50000000000000711, 1.850000000000000089, -37.24999999999999289 ) ) ;
#1469 = DIRECTION ( 'NONE',  ( -0.000000000000000000, -0.000000000000000000, 1.000000000000000000 ) ) ;
#1470 = ORIENTED_EDGE ( 'NONE', *, *, #2184, .T. ) ;
#1471 = DIRECTION ( 'NONE',  ( 0.000000000000000000, -3.267618461850093704E-16, -1.000000000000000000 ) ) ;
#1472 = ORIENTED_EDGE ( 'NONE', *, *, #1221, .T. ) ;
#1473 = CARTESIAN_POINT ( 'NONE',  ( -11.49999999999999289, -2.600000000000000533, 17.25000000000001066 ) ) ;
#1474 = LINE ( 'NONE', #1462, #765 ) ;
#1475 = ORIENTED_EDGE ( 'NONE', *, *, #1525, .F. ) ;
#1476 = CARTESIAN_POINT ( 'NONE',  ( -26.49999999999999645, 2.850000000000000089, 11.25000000000000000 ) ) ;
#1477 = CARTESIAN_POINT ( 'NONE',  ( 42.50000000000002842, 0.000000000000000000, -35.74999999999996447 ) ) ;
#1478 = ADVANCED_FACE ( 'NONE', ( #1774 ), #2603, .T. ) ;
#1479 = DIRECTION ( 'NONE',  ( 0.000000000000000000, 0.7071067811865463515, -0.7071067811865487940 ) ) ;
#1480 = DIRECTION ( 'NONE',  ( -0.000000000000000000, -1.000000000000000000, -0.000000000000000000 ) ) ;
#1481 = ORIENTED_EDGE ( 'NONE', *, *, #803, .F. ) ;
#1482 = CARTESIAN_POINT ( 'NONE',  ( -30.89999999999999858, 75.01881339463236031, 45.89999999999999858 ) ) ;
#1483 = CIRCLE ( 'NONE', #2182, 3.000000000000002665 ) ;
#1484 = VERTEX_POINT ( 'NONE', #565 ) ;
#1485 = CIRCLE ( 'NONE', #294, 2.000000000000001776 ) ;
#1486 = AXIS2_PLACEMENT_3D ( 'NONE', #10, #1251, #1903 ) ;
#1487 = DIRECTION ( 'NONE',  ( 0.000000000000000000, -1.000000000000000000, 0.000000000000000000 ) ) ;
#1488 = DIRECTION ( 'NONE',  ( 0.000000000000000000, 0.000000000000000000, -1.000000000000000000 ) ) ;
#1489 = CARTESIAN_POINT ( 'NONE',  ( 45.50000000000001421, 0.000000000000000000, 6.750000000000019540 ) ) ;
#1490 = CARTESIAN_POINT ( 'NONE',  ( -37.90000000000000568, 1.649999999999999911, 45.89999999999999858 ) ) ;
#1491 = AXIS2_PLACEMENT_3D ( 'NONE', #930, #1801, #1983 ) ;
#1492 = ORIENTED_EDGE ( 'NONE', *, *, #1094, .T. ) ;
#1493 = AXIS2_PLACEMENT_3D ( 'NONE', #228, #253, #1271 ) ;
#1494 = EDGE_LOOP ( 'NONE', ( #220, #500, #1750, #695 ) ) ;
#1495 = LINE ( 'NONE', #2352, #1780 ) ;
#1496 = CARTESIAN_POINT ( 'NONE',  ( -37.40000000000000568, 12.33528137423857807, 14.75000000000000533 ) ) ;
#1497 = AXIS2_PLACEMENT_3D ( 'NONE', #1834, #2071, #2663 ) ;
#1498 = ORIENTED_EDGE ( 'NONE', *, *, #2133, .T. ) ;
#1499 = EDGE_CURVE ( 'NONE', #2317, #389, #2407, .T. ) ;
#1500 = VECTOR ( 'NONE', #1517, 1000.000000000000000 ) ;
#1501 = CARTESIAN_POINT ( 'NONE',  ( -40.49999999999999289, -2.600000000000000533, -34.74999999999999289 ) ) ;
#1502 = DIRECTION ( 'NONE',  ( -0.000000000000000000, 1.000000000000000000, -0.000000000000000000 ) ) ;
#1503 = EDGE_LOOP ( 'NONE', ( #956, #133 ) ) ;
#1504 = CARTESIAN_POINT ( 'NONE',  ( 45.50000000000001421, 0.000000000000000000, 30.75000000000002132 ) ) ;
#1505 = EDGE_CURVE ( 'NONE', #2072, #1980, #734, .T. ) ;
#1506 = FACE_OUTER_BOUND ( 'NONE', #1147, .T. ) ;
#1507 = DIRECTION ( 'NONE',  ( 0.000000000000000000, 0.000000000000000000, -1.000000000000000000 ) ) ;
#1508 = DIRECTION ( 'NONE',  ( 1.000000000000000000, 0.000000000000000000, 1.224510688924804996E-15 ) ) ;
#1509 = ORIENTED_EDGE ( 'NONE', *, *, #2372, .T. ) ;
#1510 = CARTESIAN_POINT ( 'NONE',  ( -11.49999999999999289, -2.600000000000000533, 22.25000000000001066 ) ) ;
#1511 = EDGE_LOOP ( 'NONE', ( #432, #1140, #285, #1453 ) ) ;
#1512 = CC_DESIGN_DATE_AND_TIME_ASSIGNMENT ( #2411, #154, ( #26 ) ) ;
#1513 = ORIENTED_EDGE ( 'NONE', *, *, #1736, .T. ) ;
#1514 = CARTESIAN_POINT ( 'NONE',  ( 19.49999999999998934, 0.000000000000000000, 43.75000000000000000 ) ) ;
#1515 = ORIENTED_EDGE ( 'NONE', *, *, #629, .T. ) ;
#1516 = DIRECTION ( 'NONE',  ( -0.000000000000000000, -1.000000000000000000, 0.000000000000000000 ) ) ;
#1517 = DIRECTION ( 'NONE',  ( -0.000000000000000000, -1.000000000000000000, -0.000000000000000000 ) ) ;
#1518 = ORIENTED_EDGE ( 'NONE', *, *, #991, .T. ) ;
#1519 = LINE ( 'NONE', #2343, #197 ) ;
#1520 = DIRECTION ( 'NONE',  ( 1.000000000000000000, 0.000000000000000000, -0.000000000000000000 ) ) ;
#1521 = ADVANCED_FACE ( 'NONE', ( #2009 ), #2432, .T. ) ;
#1522 = ADVANCED_BREP_SHAPE_REPRESENTATION ( 'bottom', ( #2560, #1286 ), #686 ) ;
#1523 = CARTESIAN_POINT ( 'NONE',  ( 36.49999999999999289, 1.850000000000000977, 43.75000000000002132 ) ) ;
#1525 = EDGE_CURVE ( 'NONE', #583, #1484, #1364, .T. ) ;
#1524 = FACE_BOUND ( 'NONE', #1045, .T. ) ;
#1526 = ORIENTED_EDGE ( 'NONE', *, *, #2259, .T. ) ;
#1527 = DIRECTION ( 'NONE',  ( 0.000000000000000000, -1.000000000000000000, 0.000000000000000000 ) ) ;
#1528 = CARTESIAN_POINT ( 'NONE',  ( -40.49999999999999289, 0.000000000000000000, -37.25000000000000000 ) ) ;
#1529 = CARTESIAN_POINT ( 'NONE',  ( -30.89999999999999858, 0.8500000000000035305, 45.89999999999999858 ) ) ;
#1530 = DIRECTION ( 'NONE',  ( 0.000000000000000000, 0.000000000000000000, 1.000000000000000000 ) ) ;
#1531 = VERTEX_POINT ( 'NONE', #752 ) ;
#1532 = DIRECTION ( 'NONE',  ( -0.000000000000000000, 1.000000000000000000, -0.000000000000000000 ) ) ;
#1533 = ADVANCED_FACE ( 'NONE', ( #550, #151, #967 ), #1005, .T. ) ;
#1534 = CIRCLE ( 'NONE', #245, 2.000000000000001776 ) ;
#1535 = PLANE ( 'NONE',  #1013 ) ;
#1536 = ORIENTED_EDGE ( 'NONE', *, *, #2178, .F. ) ;
#1537 = FACE_BOUND ( 'NONE', #2021, .T. ) ;
#1538 = CIRCLE ( 'NONE', #2095, 3.999999999999998224 ) ;
#1539 = VERTEX_POINT ( 'NONE', #2653 ) ;
#1540 = EDGE_CURVE ( 'NONE', #415, #663, #2063, .T. ) ;
#1541 = ORIENTED_EDGE ( 'NONE', *, *, #2604, .T. ) ;
#1542 = CARTESIAN_POINT ( 'NONE',  ( 46.50000000000000711, 1.849999999999999201, 0.7500000000000075495 ) ) ;
#1543 = ORIENTED_EDGE ( 'NONE', *, *, #705, .F. ) ;
#1544 = VECTOR ( 'NONE', #612, 1000.000000000000000 ) ;
#1545 = CARTESIAN_POINT ( 'NONE',  ( -52.89999999999999147, 0.8500000000000000888, 43.89999999999999147 ) ) ;
#1546 = DIRECTION ( 'NONE',  ( -0.000000000000000000, -1.000000000000000000, -0.000000000000000000 ) ) ;
#1547 = ORIENTED_EDGE ( 'NONE', *, *, #1895, .F. ) ;
#1548 = DIRECTION ( 'NONE',  ( 0.000000000000000000, 0.000000000000000000, -1.000000000000000000 ) ) ;
#1549 = CC_DESIGN_SECURITY_CLASSIFICATION ( #219, ( #305 ) ) ;
#1550 = ADVANCED_FACE ( 'NONE', ( #610 ), #233, .T. ) ;
#1551 = FACE_OUTER_BOUND ( 'NONE', #1494, .T. ) ;
#1552 = DIRECTION ( 'NONE',  ( 0.000000000000000000, 1.000000000000000000, -0.000000000000000000 ) ) ;
#1553 = ORIENTED_EDGE ( 'NONE', *, *, #1880, .F. ) ;
#1554 = DIRECTION ( 'NONE',  ( 1.000000000000000000, -0.000000000000000000, -0.000000000000000000 ) ) ;
#1555 = ORIENTED_EDGE ( 'NONE', *, *, #447, .T. ) ;
#1556 = DIRECTION ( 'NONE',  ( 0.000000000000000000, 0.000000000000000000, 1.000000000000000000 ) ) ;
#1557 = EDGE_CURVE ( 'NONE', #1920, #2022, #1927, .T. ) ;
#1558 = CARTESIAN_POINT ( 'NONE',  ( -30.89999999999999858, 0.000000000000000000, 45.89999999999999858 ) ) ;
#1559 = VERTEX_POINT ( 'NONE', #1021 ) ;
#1560 = CARTESIAN_POINT ( 'NONE',  ( 37.89999999999999858, 1.649999999999999911, 45.89999999999999858 ) ) ;
#1561 = ORIENTED_EDGE ( 'NONE', *, *, #1038, .F. ) ;
#1562 = LINE ( 'NONE', #2564, #463 ) ;
#1563 = VERTEX_POINT ( 'NONE', #2045 ) ;
#1564 = CARTESIAN_POINT ( 'NONE',  ( 46.50000000000000711, 15.16370849898475193, 4.750000000000006217 ) ) ;
#1565 = EDGE_CURVE ( 'NONE', #713, #535, #1434, .T. ) ;
#1566 = MECHANICAL_CONTEXT ( 'NONE', #2354, 'mechanical' ) ;
#1567 = ORIENTED_EDGE ( 'NONE', *, *, #1425, .T. ) ;
#1568 = EDGE_CURVE ( 'NONE', #1830, #598, #2478, .T. ) ;
#1569 = CYLINDRICAL_SURFACE ( 'NONE', #202, 2.500000000000000444 ) ;
#1570 = DIRECTION ( 'NONE',  ( 0.000000000000000000, -3.267618461850093704E-16, -1.000000000000000000 ) ) ;
#1571 = AXIS2_PLACEMENT_3D ( 'NONE', #39, #2508, #1707 ) ;
#1572 = ORIENTED_EDGE ( 'NONE', *, *, #1810, .T. ) ;
#1573 = LINE ( 'NONE', #163, #128 ) ;
#1574 = ORIENTED_EDGE ( 'NONE', *, *, #2588, .T. ) ;
#1575 = CARTESIAN_POINT ( 'NONE',  ( -52.89999999999997726, 0.8500000000000035305, 45.89999999999999858 ) ) ;
#1576 = AXIS2_PLACEMENT_3D ( 'NONE', #1072, #2285, #2516 ) ;
#1577 = VECTOR ( 'NONE', #66, 1000.000000000000000 ) ;
#1578 = AXIS2_PLACEMENT_3D ( 'NONE', #1930, #692, #2309 ) ;
#1579 = ORIENTED_EDGE ( 'NONE', *, *, #2283, .F. ) ;
#1580 = ADVANCED_FACE ( 'NONE', ( #802 ), #1047, .F. ) ;
#1581 = VECTOR ( 'NONE', #2590, 1000.000000000000000 ) ;
#1582 = CARTESIAN_POINT ( 'NONE',  ( -40.49999999999999289, -2.600000000000000533, -37.25000000000000000 ) ) ;
#1583 = CARTESIAN_POINT ( 'NONE',  ( 51.50000000000000711, 1.850000000000000089, -34.59999999999999432 ) ) ;
#1584 = EDGE_CURVE ( 'NONE', #911, #1814, #24, .T. ) ;
#1585 = VECTOR ( 'NONE', #1682, 1000.000000000000000 ) ;
#1586 = APPROVAL_PERSON_ORGANIZATION ( #554, #1032, #1179 ) ;
#1587 = ORIENTED_EDGE ( 'NONE', *, *, #2189, .F. ) ;
#1588 = LINE ( 'NONE', #714, #1660 ) ;
#1589 = EDGE_CURVE ( 'NONE', #1809, #663, #2032, .T. ) ;
#1590 = CARTESIAN_POINT ( 'NONE',  ( 54.90000000000000568, 0.000000000000000000, -43.89999999999997726 ) ) ;
#1591 = DIRECTION ( 'NONE',  ( 0.000000000000000000, 0.000000000000000000, -1.000000000000000000 ) ) ;
#1592 = EDGE_LOOP ( 'NONE', ( #1430, #1770, #1089, #1346, #192 ) ) ;
#1593 = DIRECTION ( 'NONE',  ( 0.000000000000000000, -1.000000000000000000, 0.000000000000000000 ) ) ;
#1594 = CARTESIAN_POINT ( 'NONE',  ( -37.39999999999999858, 0.8500000000000000888, -16.74999999999999645 ) ) ;
#1595 = EDGE_CURVE ( 'NONE', #923, #567, #2671, .T. ) ;
#1596 = ORIENTED_EDGE ( 'NONE', *, *, #2448, .F. ) ;
#1597 = DIRECTION ( 'NONE',  ( 0.000000000000000000, 0.000000000000000000, 1.000000000000000000 ) ) ;
#1598 = ORIENTED_EDGE ( 'NONE', *, *, #1599, .F. ) ;
#1599 = EDGE_CURVE ( 'NONE', #2317, #497, #1625, .T. ) ;
#1600 = CARTESIAN_POINT ( 'NONE',  ( -42.10000000000000853, 1.649999999999999911, 45.89999999999999858 ) ) ;
#1601 = CARTESIAN_POINT ( 'NONE',  ( 51.50000000000000711, 1.850000000000000089, -37.24999999999999289 ) ) ;
#1602 = ORIENTED_EDGE ( 'NONE', *, *, #629, .F. ) ;
#1603 = ORIENTED_EDGE ( 'NONE', *, *, #581, .F. ) ;
#1604 =( NAMED_UNIT ( * ) SI_UNIT ( $, .STERADIAN. ) SOLID_ANGLE_UNIT ( ) );
#1605 = EDGE_LOOP ( 'NONE', ( #1665, #1355, #2389, #466 ) ) ;
#1606 = DIRECTION ( 'NONE',  ( 0.000000000000000000, 0.000000000000000000, -1.000000000000000000 ) ) ;
#1607 = CARTESIAN_POINT ( 'NONE',  ( 45.50000000000001421, 0.000000000000000000, 28.75000000000001776 ) ) ;
#1608 = VERTEX_POINT ( 'NONE', #841 ) ;
#1609 = LINE ( 'NONE', #2280, #1059 ) ;
#1610 = CARTESIAN_POINT ( 'NONE',  ( -40.49999999999999289, 1.850000000000000089, -37.25000000000000000 ) ) ;
#1611 = VECTOR ( 'NONE', #1171, 1000.000000000000000 ) ;
#1612 = EDGE_CURVE ( 'NONE', #196, #535, #1399, .T. ) ;
#1613 = ORIENTED_EDGE ( 'NONE', *, *, #623, .F. ) ;
#1614 = VECTOR ( 'NONE', #434, 1000.000000000000000 ) ;
#1615 = CYLINDRICAL_SURFACE ( 'NONE', #1882, 3.999999999999998224 ) ;
#1616 = VECTOR ( 'NONE', #637, 1000.000000000000000 ) ;
#1617 = CARTESIAN_POINT ( 'NONE',  ( -42.10000000000000853, 0.000000000000000000, 0.000000000000000000 ) ) ;
#1618 = CARTESIAN_POINT ( 'NONE',  ( 36.49999999999999289, 32.45069929215019044, 43.75000000000002132 ) ) ;
#1619 = ADVANCED_FACE ( 'NONE', ( #600 ), #2228, .F. ) ;
#1620 = AXIS2_PLACEMENT_3D ( 'NONE', #346, #1174, #2613 ) ;
#1621 = ORIENTED_EDGE ( 'NONE', *, *, #475, .F. ) ;
#1622 = CIRCLE ( 'NONE', #548, 1.099999999999996758 ) ;
#1623 = AXIS2_PLACEMENT_3D ( 'NONE', #492, #1330, #1133 ) ;
#1624 = CYLINDRICAL_SURFACE ( 'NONE', #1655, 2.000000000000008882 ) ;
#1625 = LINE ( 'NONE', #1633, #2055 ) ;
#1626 = ORIENTED_EDGE ( 'NONE', *, *, #2060, .F. ) ;
#1627 = EDGE_CURVE ( 'NONE', #2566, #1374, #2252, .T. ) ;
#1628 = PLANE ( 'NONE',  #726 ) ;
#1629 = CARTESIAN_POINT ( 'NONE',  ( 45.50000000000001421, 0.000000000000000000, 28.75000000000001776 ) ) ;
#1630 = CARTESIAN_POINT ( 'NONE',  ( 46.50000000000000711, 0.000000000000000000, 0.7500000000000075495 ) ) ;
#1631 = EDGE_LOOP ( 'NONE', ( #1282, #2282, #750, #312 ) ) ;
#1632 = CARTESIAN_POINT ( 'NONE',  ( -26.49999999999999645, 16.57792206135785662, 6.749999999999999112 ) ) ;
#1633 = CARTESIAN_POINT ( 'NONE',  ( 37.89999999999999858, 3.850000000000000089, 43.29999999999999716 ) ) ;
#1634 = ORIENTED_EDGE ( 'NONE', *, *, #2197, .T. ) ;
#1635 = CARTESIAN_POINT ( 'NONE',  ( 54.90000000000000568, 0.000000000000000000, 43.89999999999997726 ) ) ;
#1636 = ORIENTED_EDGE ( 'NONE', *, *, #316, .T. ) ;
#1637 = DIRECTION ( 'NONE',  ( -0.000000000000000000, -1.000000000000000000, -0.000000000000000000 ) ) ;
#1638 = DIRECTION ( 'NONE',  ( 0.000000000000000000, 0.000000000000000000, 1.000000000000000000 ) ) ;
#1639 = FACE_OUTER_BOUND ( 'NONE', #350, .T. ) ;
#1640 = CARTESIAN_POINT ( 'NONE',  ( -52.89999999999999147, 3.850000000000000089, 43.89999999999999147 ) ) ;
#1641 = EDGE_CURVE ( 'NONE', #583, #1762, #1240, .T. ) ;
#1642 = ORIENTED_EDGE ( 'NONE', *, *, #1445, .T. ) ;
#1643 = FACE_OUTER_BOUND ( 'NONE', #1654, .T. ) ;
#1644 = CARTESIAN_POINT ( 'NONE',  ( -22.49999999999998579, -2.600000000000000533, -14.24999999999999112 ) ) ;
#1645 = FACE_OUTER_BOUND ( 'NONE', #375, .T. ) ;
#1646 = ORIENTED_EDGE ( 'NONE', *, *, #2043, .F. ) ;
#1647 = EDGE_LOOP ( 'NONE', ( #1596, #438, #670, #954 ) ) ;
#1648 = DIRECTION ( 'NONE',  ( -0.000000000000000000, 1.000000000000000000, -0.000000000000000000 ) ) ;
#1649 = AXIS2_PLACEMENT_3D ( 'NONE', #1859, #480, #251 ) ;
#1650 = DIRECTION ( 'NONE',  ( 0.000000000000000000, -1.000000000000000000, 3.267618461850094197E-16 ) ) ;
#1651 = FACE_OUTER_BOUND ( 'NONE', #1463, .T. ) ;
#1652 = EDGE_CURVE ( 'NONE', #394, #1763, #11, .T. ) ;
#1653 = CARTESIAN_POINT ( 'NONE',  ( 36.49999999999999289, 0.000000000000000000, 43.75000000000002132 ) ) ;
#1654 = EDGE_LOOP ( 'NONE', ( #2539, #845, #489, #1284, #59, #362, #590, #1673, #1338, #1075, #2091, #1273, #162, #2587, #2350, #442, #1579, #478 ) ) ;
#1655 = AXIS2_PLACEMENT_3D ( 'NONE', #2062, #2456, #599 ) ;
#1656 = DIRECTION ( 'NONE',  ( -1.000000000000000000, 0.000000000000000000, -0.000000000000000000 ) ) ;
#1657 = VERTEX_POINT ( 'NONE', #1412 ) ;
#1658 = ADVANCED_FACE ( 'NONE', ( #1645 ), #2242, .T. ) ;
#1659 = AXIS2_PLACEMENT_3D ( 'NONE', #1423, #181, #2025 ) ;
#1660 = VECTOR ( 'NONE', #1849, 1000.000000000000000 ) ;
#1661 = CARTESIAN_POINT ( 'NONE',  ( -11.49999999999999289, -2.600000000000000533, 19.75000000000001066 ) ) ;
#1663 = EDGE_CURVE ( 'NONE', #2550, #2480, #1836, .T. ) ;
#1662 = CARTESIAN_POINT ( 'NONE',  ( -30.89999999999999147, 0.000000000000000000, -21.10000000000000853 ) ) ;
#1664 = AXIS2_PLACEMENT_3D ( 'NONE', #2625, #558, #2416 ) ;
#1665 = ORIENTED_EDGE ( 'NONE', *, *, #2366, .T. ) ;
#1666 = ORIENTED_EDGE ( 'NONE', *, *, #2656, .F. ) ;
#1667 = DIRECTION ( 'NONE',  ( -0.000000000000000000, 1.000000000000000000, -0.000000000000000000 ) ) ;
#1668 = EDGE_LOOP ( 'NONE', ( #1982, #1723, #120, #1949, #1509 ) ) ;
#1669 = FACE_OUTER_BOUND ( 'NONE', #1323, .T. ) ;
#1670 = CYLINDRICAL_SURFACE ( 'NONE', #1881, 2.649999999999999467 ) ;
#1671 = DIRECTION ( 'NONE',  ( -0.000000000000000000, -0.000000000000000000, 1.000000000000000000 ) ) ;
#1672 = CARTESIAN_POINT ( 'NONE',  ( 52.89999999999999147, 3.850000000000000089, -45.89999999999999858 ) ) ;
#1673 = ORIENTED_EDGE ( 'NONE', *, *, #950, .F. ) ;
#1674 = DIRECTION ( 'NONE',  ( 0.000000000000000000, 0.000000000000000000, -1.000000000000000000 ) ) ;
#1675 = FACE_OUTER_BOUND ( 'NONE', #544, .T. ) ;
#1676 = ORIENTED_EDGE ( 'NONE', *, *, #2595, .T. ) ;
#1677 = EDGE_CURVE ( 'NONE', #263, #2393, #1369, .T. ) ;
#1678 = EDGE_LOOP ( 'NONE', ( #1111, #1958, #50, #1216 ) ) ;
#1679 = CARTESIAN_POINT ( 'NONE',  ( 43.50000000000001421, -2.600000000000000533, 28.75000000000001776 ) ) ;
#1680 = CARTESIAN_POINT ( 'NONE',  ( -11.49999999999999289, -2.600000000000000533, 17.25000000000001066 ) ) ;
#1681 = DIRECTION ( 'NONE',  ( 0.000000000000000000, 0.000000000000000000, -1.000000000000000000 ) ) ;
#1682 = DIRECTION ( 'NONE',  ( -0.000000000000000000, 1.000000000000000000, -0.000000000000000000 ) ) ;
#1683 = ORIENTED_EDGE ( 'NONE', *, *, #563, .F. ) ;
#1684 = FACE_OUTER_BOUND ( 'NONE', #1914, .T. ) ;
#1685 = ORIENTED_EDGE ( 'NONE', *, *, #1454, .F. ) ;
#1686 = CARTESIAN_POINT ( 'NONE',  ( -40.49999999999999289, -2.600000000000000533, -37.25000000000000000 ) ) ;
#1687 = DIRECTION ( 'NONE',  ( 0.000000000000000000, -1.000000000000000000, 3.267618461850094197E-16 ) ) ;
#1688 = EDGE_CURVE ( 'NONE', #919, #987, #304, .T. ) ;
#1689 = VERTEX_POINT ( 'NONE', #856 ) ;
#1690 = ORIENTED_EDGE ( 'NONE', *, *, #2475, .T. ) ;
#1691 = CARTESIAN_POINT ( 'NONE',  ( 51.50000000000000711, -2.600000000000000533, -37.24999999999999289 ) ) ;
#1692 = DIRECTION ( 'NONE',  ( -3.154042683594195121E-16, 0.000000000000000000, -1.000000000000000000 ) ) ;
#1693 = ADVANCED_FACE ( 'NONE', ( #1675 ), #869, .F. ) ;
#1694 = ORIENTED_EDGE ( 'NONE', *, *, #1341, .F. ) ;
#1695 = CARTESIAN_POINT ( 'NONE',  ( -52.89999999999999147, 3.850000000000000089, 43.89999999999999147 ) ) ;
#1696 = PLANE ( 'NONE',  #336 ) ;
#1697 = LINE ( 'NONE', #722, #2370 ) ;
#1698 = EDGE_LOOP ( 'NONE', ( #306, #524, #1199, #457, #1083 ) ) ;
#1699 = EDGE_LOOP ( 'NONE', ( #1048, #486, #1263, #1064 ) ) ;
#1700 = AXIS2_PLACEMENT_3D ( 'NONE', #185, #594, #391 ) ;
#1701 = DIRECTION ( 'NONE',  ( -0.000000000000000000, -1.000000000000000000, -0.000000000000000000 ) ) ;
#1702 = CIRCLE ( 'NONE', #1322, 2.000000000000001776 ) ;
#1703 = ADVANCED_FACE ( 'NONE', ( #1080, #1524 ), #2509, .T. ) ;
#1704 = AXIS2_PLACEMENT_3D ( 'NONE', #1840, #387, #587 ) ;
#1705 = VECTOR ( 'NONE', #2572, 1000.000000000000000 ) ;
#1706 = FACE_OUTER_BOUND ( 'NONE', #1835, .T. ) ;
#1707 = DIRECTION ( 'NONE',  ( 0.000000000000000000, 0.000000000000000000, -1.000000000000000000 ) ) ;
#1708 = LINE ( 'NONE', #2149, #1755 ) ;
#1709 = EDGE_LOOP ( 'NONE', ( #2210, #2298, #321, #857 ) ) ;
#1710 = CIRCLE ( 'NONE', #546, 2.000000000000001776 ) ;
#1711 = VERTEX_POINT ( 'NONE', #1510 ) ;
#1712 = CARTESIAN_POINT ( 'NONE',  ( -7.499999999999985789, -2.600000000000000533, -39.74999999999997868 ) ) ;
#1713 = CIRCLE ( 'NONE', #1970, 2.500000000000000444 ) ;
#1714 = LOCAL_TIME ( 0, 3, 8.000000000000000000, #809 ) ;
#1715 = CARTESIAN_POINT ( 'NONE',  ( 37.89999999999999858, 1.649999999999999467, 44.57279220613578730 ) ) ;
#1716 = CARTESIAN_POINT ( 'NONE',  ( -40.49999999999999289, -2.600000000000000533, -36.14999999999999858 ) ) ;
#1717 = VERTEX_POINT ( 'NONE', #690 ) ;
#1718 = DIRECTION ( 'NONE',  ( -0.000000000000000000, -1.000000000000000000, -0.000000000000000000 ) ) ;
#1719 = EDGE_CURVE ( 'NONE', #2261, #2012, #1735, .T. ) ;
#1720 = CARTESIAN_POINT ( 'NONE',  ( 2.100000000000000089, 2.922792206135786053, 43.29999999999999716 ) ) ;
#1721 = PLANE ( 'NONE',  #2042 ) ;
#1722 = CARTESIAN_POINT ( 'NONE',  ( -52.89999999999997726, 0.000000000000000000, -45.89999999999999858 ) ) ;
#1723 = ORIENTED_EDGE ( 'NONE', *, *, #96, .T. ) ;
#1724 = DIRECTION ( 'NONE',  ( 0.000000000000000000, 0.000000000000000000, -1.000000000000000000 ) ) ;
#1725 = ORIENTED_EDGE ( 'NONE', *, *, #559, .T. ) ;
#1726 = DIRECTION ( 'NONE',  ( 1.508455196501572169E-16, 0.000000000000000000, -1.000000000000000000 ) ) ;
#1727 = DIRECTION ( 'NONE',  ( 0.000000000000000000, 0.000000000000000000, 1.000000000000000000 ) ) ;
#1728 = CARTESIAN_POINT ( 'NONE',  ( 42.10000000000000142, 1.649999999999999911, 45.89999999999999858 ) ) ;
#1729 = ORIENTED_EDGE ( 'NONE', *, *, #1042, .F. ) ;
#1730 = CARTESIAN_POINT ( 'NONE',  ( -2.100000000000000089, 1.649999999999999911, 45.89999999999999858 ) ) ;
#1731 = DIRECTION ( 'NONE',  ( -0.000000000000000000, 1.000000000000000000, -0.000000000000000000 ) ) ;
#1732 = ADVANCED_FACE ( 'NONE', ( #2117, #700 ), #904, .T. ) ;
#1733 = CARTESIAN_POINT ( 'NONE',  ( -37.39999999999999858, 2.649999999999999467, -16.74999999999999645 ) ) ;
#1734 = VERTEX_POINT ( 'NONE', #884 ) ;
#1735 = LINE ( 'NONE', #262, #2489 ) ;
#1736 = EDGE_CURVE ( 'NONE', #1067, #1296, #2349, .T. ) ;
#1737 = VERTEX_POINT ( 'NONE', #1490 ) ;
#1738 = CARTESIAN_POINT ( 'NONE',  ( 37.89999999999999858, 0.000000000000000000, 0.000000000000000000 ) ) ;
#1739 = ADVANCED_FACE ( 'NONE', ( #2537 ), #54, .T. ) ;
#1740 = DIRECTION ( 'NONE',  ( -3.154042683594195121E-16, 0.000000000000000000, -1.000000000000000000 ) ) ;
#1741 = DIRECTION ( 'NONE',  ( -0.000000000000000000, 1.000000000000000000, -0.000000000000000000 ) ) ;
#1742 = ORIENTED_EDGE ( 'NONE', *, *, #76, .T. ) ;
#1743 = PLANE ( 'NONE',  #794 ) ;
#1744 = AXIS2_PLACEMENT_3D ( 'NONE', #1440, #2624, #795 ) ;
#1745 = AXIS2_PLACEMENT_3D ( 'NONE', #243, #2494, #1061 ) ;
#1746 = CARTESIAN_POINT ( 'NONE',  ( 51.50000000000000711, -2.600000000000000533, -38.34999999999998721 ) ) ;
#1747 = ORIENTED_EDGE ( 'NONE', *, *, #1775, .T. ) ;
#1748 = CARTESIAN_POINT ( 'NONE',  ( -2.100000000000000089, 2.922792206135786053, 43.29999999999999716 ) ) ;
#1749 = AXIS2_PLACEMENT_3D ( 'NONE', #1411, #1460, #1447 ) ;
#1750 = ORIENTED_EDGE ( 'NONE', *, *, #2099, .T. ) ;
#1751 = ADVANCED_FACE ( 'NONE', ( #273 ), #244, .T. ) ;
#1752 = VECTOR ( 'NONE', #791, 1000.000000000000000 ) ;
#1753 = VERTEX_POINT ( 'NONE', #498 ) ;
#1754 = DIRECTION ( 'NONE',  ( 1.000000000000000000, 0.000000000000000000, 0.000000000000000000 ) ) ;
#1755 = VECTOR ( 'NONE', #1941, 1000.000000000000000 ) ;
#1756 = CARTESIAN_POINT ( 'NONE',  ( 36.49999999999999289, 32.45069929215019044, 43.75000000000002132 ) ) ;
#1757 = EDGE_LOOP ( 'NONE', ( #326, #2105, #148, #1450, #985, #1603, #1969, #1972, #493, #1156, #1952, #1543, #2015 ) ) ;
#1758 = VECTOR ( 'NONE', #2158, 1000.000000000000000 ) ;
#1759 = CARTESIAN_POINT ( 'NONE',  ( -40.49999999999999289, 3.850000000000000089, -37.25000000000000000 ) ) ;
#1760 = DIRECTION ( 'NONE',  ( 0.000000000000000000, -1.000000000000000000, 0.000000000000000000 ) ) ;
#1761 = LINE ( 'NONE', #1748, #418 ) ;
#1762 = VERTEX_POINT ( 'NONE', #1092 ) ;
#1763 = VERTEX_POINT ( 'NONE', #69 ) ;
#1764 = DIRECTION ( 'NONE',  ( 0.000000000000000000, -1.000000000000000000, 0.000000000000000000 ) ) ;
#1765 = EDGE_CURVE ( 'NONE', #2159, #843, #1708, .T. ) ;
#1766 = DIRECTION ( 'NONE',  ( 0.000000000000000000, 0.000000000000000000, -1.000000000000000000 ) ) ;
#1767 = ORIENTED_EDGE ( 'NONE', *, *, #275, .T. ) ;
#1768 = DIRECTION ( 'NONE',  ( 0.000000000000000000, 0.000000000000000000, -1.000000000000000000 ) ) ;
#1769 = CARTESIAN_POINT ( 'NONE',  ( -52.89999999999999147, 2.650000000000000355, 43.89999999999999147 ) ) ;
#1770 = ORIENTED_EDGE ( 'NONE', *, *, #189, .T. ) ;
#1771 = DIRECTION ( 'NONE',  ( -0.000000000000000000, 0.7071067811865463515, -0.7071067811865487940 ) ) ;
#1772 = VERTEX_POINT ( 'NONE', #917 ) ;
#1773 = EDGE_CURVE ( 'NONE', #919, #1060, #286, .T. ) ;
#1774 = FACE_OUTER_BOUND ( 'NONE', #691, .T. ) ;
#1775 = EDGE_CURVE ( 'NONE', #2540, #601, #1474, .T. ) ;
#1776 = CALENDAR_DATE ( 2025, 24, 9 ) ;
#1777 = ORIENTED_EDGE ( 'NONE', *, *, #1880, .T. ) ;
#1778 = DIRECTION ( 'NONE',  ( -0.000000000000000000, -0.000000000000000000, 1.000000000000000000 ) ) ;
#1779 = CARTESIAN_POINT ( 'NONE',  ( 46.50000000000000711, 1.849999999999999201, -3.249999999999990674 ) ) ;
#1780 = VECTOR ( 'NONE', #889, 1000.000000000000000 ) ;
#1781 = CC_DESIGN_PERSON_AND_ORGANIZATION_ASSIGNMENT ( #1803, #1050, ( #305 ) ) ;
#1782 = DIRECTION ( 'NONE',  ( 1.000000000000000000, -0.000000000000000000, -0.000000000000000000 ) ) ;
#1783 = VECTOR ( 'NONE', #1731, 1000.000000000000000 ) ;
#1784 = VERTEX_POINT ( 'NONE', #455 ) ;
#1785 = DIRECTION ( 'NONE',  ( -0.000000000000000000, 1.000000000000000000, -0.000000000000000000 ) ) ;
#1786 = DIRECTION ( 'NONE',  ( -0.000000000000000000, -1.000000000000000000, -0.000000000000000000 ) ) ;
#1787 = VECTOR ( 'NONE', #1995, 1000.000000000000000 ) ;
#1788 = CIRCLE ( 'NONE', #160, 1.099999999999996758 ) ;
#1789 = VECTOR ( 'NONE', #525, 1000.000000000000000 ) ;
#1790 = ORIENTED_EDGE ( 'NONE', *, *, #1042, .T. ) ;
#1791 = VECTOR ( 'NONE', #1782, 1000.000000000000000 ) ;
#1792 = DIRECTION ( 'NONE',  ( 0.000000000000000000, -1.000000000000000000, 0.000000000000000000 ) ) ;
#1793 = DIRECTION ( 'NONE',  ( 0.000000000000000000, -1.000000000000000000, 0.000000000000000000 ) ) ;
#1794 = AXIS2_PLACEMENT_3D ( 'NONE', #1594, #2428, #1395 ) ;
#1795 = EDGE_CURVE ( 'NONE', #1391, #235, #105, .T. ) ;
#1796 = APPROVAL_PERSON_ORGANIZATION ( #960, #1421, #534 ) ;
#1797 = VERTEX_POINT ( 'NONE', #1963 ) ;
#1798 = CARTESIAN_POINT ( 'NONE',  ( -30.89999999999999147, 16.57792206135785662, 5.806601886794305223 ) ) ;
#1799 = ORIENTED_EDGE ( 'NONE', *, *, #591, .F. ) ;
#1800 = CARTESIAN_POINT ( 'NONE',  ( -42.10000000000000853, 2.922792206135786053, 43.29999999999999716 ) ) ;
#1801 = DIRECTION ( 'NONE',  ( 0.000000000000000000, -1.000000000000000000, 0.000000000000000000 ) ) ;
#1802 = ORIENTED_EDGE ( 'NONE', *, *, #890, .T. ) ;
#1803 = PERSON_AND_ORGANIZATION ( #426, #2279 ) ;
#1804 = ORIENTED_EDGE ( 'NONE', *, *, #410, .F. ) ;
#1805 = ORIENTED_EDGE ( 'NONE', *, *, #747, .T. ) ;
#1806 = CARTESIAN_POINT ( 'NONE',  ( -40.49999999999999289, -2.600000000000000533, -38.34999999999999432 ) ) ;
#1807 = ADVANCED_FACE ( 'NONE', ( #749, #2162, #1537, #1979, #138, #730, #2171, #926, #325, #764, #1351 ), #1148, .T. ) ;
#1808 = DIRECTION ( 'NONE',  ( 0.000000000000000000, 0.000000000000000000, -1.000000000000000000 ) ) ;
#1809 = VERTEX_POINT ( 'NONE', #318 ) ;
#1810 = EDGE_CURVE ( 'NONE', #987, #1356, #561, .T. ) ;
#1811 = ORIENTED_EDGE ( 'NONE', *, *, #2283, .T. ) ;
#1812 = DIRECTION ( 'NONE',  ( 0.000000000000000000, 0.000000000000000000, 1.000000000000000000 ) ) ;
#1813 = CARTESIAN_POINT ( 'NONE',  ( -26.49999999999999645, 16.57792206135785662, 2.249999999999997780 ) ) ;
#1814 = VERTEX_POINT ( 'NONE', #1361 ) ;
#1815 = DIRECTION ( 'NONE',  ( 0.000000000000000000, -1.000000000000000000, 0.000000000000000000 ) ) ;
#1816 = EDGE_CURVE ( 'NONE', #110, #1368, #738, .T. ) ;
#1817 = CARTESIAN_POINT ( 'NONE',  ( -37.40000000000000568, 0.8500000000000000888, 11.75000000000000533 ) ) ;
#1818 = ORIENTED_EDGE ( 'NONE', *, *, #2293, .T. ) ;
#1819 = CARTESIAN_POINT ( 'NONE',  ( -37.40000000000000568, 2.649999999999999467, 8.750000000000003553 ) ) ;
#1820 = DIRECTION ( 'NONE',  ( 0.000000000000000000, -1.000000000000000000, 0.000000000000000000 ) ) ;
#1821 = ORIENTED_EDGE ( 'NONE', *, *, #1557, .F. ) ;
#1822 = CLOSED_SHELL ( 'NONE', ( #974, #870, #1415, #2150, #1403, #1580, #2424, #479, #1310, #542, #1658, #838, #1243, #1976, #595, #2419, #1028, #1106, #1807, #310, #150, #153, #1751, #344, #1521, #2064, #711, #2459, #1124, #762, #1209, #742, #2216, #2016, #2040, #1256, #355, #2500, #527, #1693, #643, #1388, #740, #1131, #1703, #529, #1018, #639, #894, #2023, #2157, #2528, #1090, #1939, #210, #655, #431, #1739, #1349, #1344, #1065, #2237, #101, #574, #1550, #278, #947, #1732, #927, #1932, #1964, #2333, #1117, #731, #2154, #270, #2607, #2493, #1533, #407, #364, #861, #1478, #2181, #2222, #1619, #2465 ) ) ;
#1823 = VECTOR ( 'NONE', #67, 1000.000000000000000 ) ;
#1824 = DIRECTION ( 'NONE',  ( -0.000000000000000000, 0.7071067811865463515, -0.7071067811865487940 ) ) ;
#1825 = ORIENTED_EDGE ( 'NONE', *, *, #1719, .T. ) ;
#1826 = DIRECTION ( 'NONE',  ( -0.000000000000000000, -1.000000000000000000, -0.000000000000000000 ) ) ;
#1827 = AXIS2_PLACEMENT_3D ( 'NONE', #2001, #604, #2018 ) ;
#1828 = ORIENTED_EDGE ( 'NONE', *, *, #953, .T. ) ;
#1829 = DIRECTION ( 'NONE',  ( 0.000000000000000000, -1.000000000000000000, 0.000000000000000000 ) ) ;
#1830 = VERTEX_POINT ( 'NONE', #114 ) ;
#1831 = VECTOR ( 'NONE', #860, 1000.000000000000000 ) ;
#1832 = DIRECTION ( 'NONE',  ( 0.000000000000000000, 0.000000000000000000, 1.000000000000000000 ) ) ;
#1833 = CIRCLE ( 'NONE', #2615, 4.500000000000001776 ) ;
#1834 = CARTESIAN_POINT ( 'NONE',  ( 51.50000000000000711, 1.850000000000000089, -37.24999999999999289 ) ) ;
#1835 = EDGE_LOOP ( 'NONE', ( #329, #1203, #1167, #2412 ) ) ;
#1836 = CIRCLE ( 'NONE', #2618, 2.499999999999998668 ) ;
#1837 = ORIENTED_EDGE ( 'NONE', *, *, #2400, .F. ) ;
#1838 = CIRCLE ( 'NONE', #172, 2.649999999999999467 ) ;
#1839 = VECTOR ( 'NONE', #948, 1000.000000000000000 ) ;
#1840 = CARTESIAN_POINT ( 'NONE',  ( 51.50000000000000711, 0.000000000000000000, -37.24999999999999289 ) ) ;
#1841 = DIRECTION ( 'NONE',  ( 1.000000000000000000, -0.000000000000000000, 2.891205793294678326E-16 ) ) ;
#1842 = ORIENTED_EDGE ( 'NONE', *, *, #1312, .F. ) ;
#1843 = LINE ( 'NONE', #2483, #1544 ) ;
#1844 = EDGE_CURVE ( 'NONE', #1225, #2245, #2378, .T. ) ;
#1845 = DATE_AND_TIME ( #195, #93 ) ;
#1846 = VERTEX_POINT ( 'NONE', #2601 ) ;
#1847 = DIRECTION ( 'NONE',  ( -3.154042683594195614E-16, 0.000000000000000000, -1.000000000000000000 ) ) ;
#1848 = CARTESIAN_POINT ( 'NONE',  ( 51.50000000000000711, 1.850000000000000089, -34.59999999999999432 ) ) ;
#1849 = DIRECTION ( 'NONE',  ( -0.000000000000000000, -1.000000000000000000, -0.000000000000000000 ) ) ;
#1850 = FACE_OUTER_BOUND ( 'NONE', #918, .T. ) ;
#1851 = VERTEX_POINT ( 'NONE', #545 ) ;
#1852 = FACE_OUTER_BOUND ( 'NONE', #91, .T. ) ;
#1853 = DIRECTION ( 'NONE',  ( -0.000000000000000000, -0.000000000000000000, 1.000000000000000000 ) ) ;
#1854 = ORIENTED_EDGE ( 'NONE', *, *, #1078, .F. ) ;
#1855 = EDGE_CURVE ( 'NONE', #1879, #1689, #2005, .T. ) ;
#1856 = PLANE ( 'NONE',  #1410 ) ;
#1857 = DIRECTION ( 'NONE',  ( 1.000000000000000000, 0.000000000000000000, 0.000000000000000000 ) ) ;
#1858 = EDGE_CURVE ( 'NONE', #110, #1734, #1761, .T. ) ;
#1859 = CARTESIAN_POINT ( 'NONE',  ( 19.49999999999998934, 32.45069929215019044, 43.75000000000000000 ) ) ;
#1860 = LINE ( 'NONE', #48, #2365 ) ;
#1861 = LINE ( 'NONE', #1653, #631 ) ;
#1862 = EDGE_CURVE ( 'NONE', #57, #416, #1375, .T. ) ;
#1863 = ORIENTED_EDGE ( 'NONE', *, *, #226, .T. ) ;
#1864 = DIRECTION ( 'NONE',  ( -0.000000000000000000, 1.000000000000000000, -0.000000000000000000 ) ) ;
#1865 = DIRECTION ( 'NONE',  ( 0.000000000000000000, 0.000000000000000000, -1.000000000000000000 ) ) ;
#1866 = ORIENTED_EDGE ( 'NONE', *, *, #1599, .T. ) ;
#1867 = ORIENTED_EDGE ( 'NONE', *, *, #2201, .F. ) ;
#1868 = CARTESIAN_POINT ( 'NONE',  ( -52.89999999999997726, 3.850000000000000089, -45.89999999999999858 ) ) ;
#1869 = VECTOR ( 'NONE', #614, 1000.000000000000000 ) ;
#1870 = PERSON_AND_ORGANIZATION ( #426, #2279 ) ;
#1871 = ORIENTED_EDGE ( 'NONE', *, *, #1844, .F. ) ;
#1872 = CIRCLE ( 'NONE', #2526, 2.000000000000001776 ) ;
#1873 = FACE_BOUND ( 'NONE', #2130, .T. ) ;
#1874 = DIRECTION ( 'NONE',  ( 0.000000000000000000, -3.267618461850094197E-16, -1.000000000000000000 ) ) ;
#1875 = VECTOR ( 'NONE', #1508, 1000.000000000000000 ) ;
#1876 = CARTESIAN_POINT ( 'NONE',  ( -37.39999999999999858, 2.649999999999999467, -19.75000000000000000 ) ) ;
#1877 = AXIS2_PLACEMENT_3D ( 'NONE', #1601, #2593, #1556 ) ;
#1878 = DIRECTION ( 'NONE',  ( 0.000000000000000000, 0.000000000000000000, 1.000000000000000000 ) ) ;
#1879 = VERTEX_POINT ( 'NONE', #2364 ) ;
#1880 = EDGE_CURVE ( 'NONE', #2033, #1211, #2403, .T. ) ;
#1881 = AXIS2_PLACEMENT_3D ( 'NONE', #1468, #1043, #1597 ) ;
#1882 = AXIS2_PLACEMENT_3D ( 'NONE', #1049, #1269, #2296 ) ;
#1883 = DIRECTION ( 'NONE',  ( 0.000000000000000000, 0.000000000000000000, 1.000000000000000000 ) ) ;
#1884 = CARTESIAN_POINT ( 'NONE',  ( -42.10000000000000853, 1.649999999999999911, 45.89999999999999858 ) ) ;
#1885 = ORIENTED_EDGE ( 'NONE', *, *, #1904, .F. ) ;
#1886 = VERTEX_POINT ( 'NONE', #522 ) ;
#1887 = CARTESIAN_POINT ( 'NONE',  ( -22.49999999999998579, -2.600000000000000533, -11.74999999999999289 ) ) ;
#1888 = ORIENTED_EDGE ( 'NONE', *, *, #1446, .T. ) ;
#1889 = LINE ( 'NONE', #2485, #1110 ) ;
#1890 = CARTESIAN_POINT ( 'NONE',  ( 2.100000000000000089, 0.000000000000000000, 0.000000000000000000 ) ) ;
#1891 = PLANE ( 'NONE',  #844 ) ;
#1892 = LINE ( 'NONE', #2038, #2619 ) ;
#1893 = ORIENTED_EDGE ( 'NONE', *, *, #1795, .F. ) ;
#1894 = CARTESIAN_POINT ( 'NONE',  ( -30.89999999999999147, 75.01881339463236031, -21.10000000000000853 ) ) ;
#1895 = EDGE_CURVE ( 'NONE', #1356, #246, #1562, .T. ) ;
#1896 = VERTEX_POINT ( 'NONE', #334 ) ;
#1897 = EDGE_CURVE ( 'NONE', #2033, #583, #1329, .T. ) ;
#1898 = FACE_OUTER_BOUND ( 'NONE', #1592, .T. ) ;
#1899 = DIRECTION ( 'NONE',  ( 0.000000000000000000, 1.000000000000000000, 0.000000000000000000 ) ) ;
#1900 = EDGE_LOOP ( 'NONE', ( #427, #1393, #1320, #2250 ) ) ;
#1901 = CARTESIAN_POINT ( 'NONE',  ( 43.50000000000001421, -2.600000000000000533, 28.75000000000001776 ) ) ;
#1902 = VERTEX_POINT ( 'NONE', #1164 ) ;
#1903 = DIRECTION ( 'NONE',  ( 0.000000000000000000, 0.000000000000000000, 1.000000000000000000 ) ) ;
#1904 = EDGE_CURVE ( 'NONE', #1374, #235, #1573, .T. ) ;
#1905 = DIRECTION ( 'NONE',  ( -0.000000000000000000, 1.000000000000000000, -0.000000000000000000 ) ) ;
#1906 = DIRECTION ( 'NONE',  ( 1.000000000000000000, -0.000000000000000000, 0.000000000000000000 ) ) ;
#1907 = LINE ( 'NONE', #1289, #2665 ) ;
#1908 = ORIENTED_EDGE ( 'NONE', *, *, #1904, .T. ) ;
#1909 = EDGE_CURVE ( 'NONE', #978, #2012, #2232, .T. ) ;
#1910 = LINE ( 'NONE', #65, #287 ) ;
#1911 = FACE_OUTER_BOUND ( 'NONE', #2506, .T. ) ;
#1912 = CARTESIAN_POINT ( 'NONE',  ( 51.50000000000000711, -2.600000000000000533, -37.24999999999999289 ) ) ;
#1913 = EDGE_CURVE ( 'NONE', #2480, #2550, #800, .T. ) ;
#1914 = EDGE_LOOP ( 'NONE', ( #1802, #2240, #94, #2047 ) ) ;
#1915 = DIRECTION ( 'NONE',  ( -0.000000000000000000, -1.000000000000000000, -0.000000000000000000 ) ) ;
#1916 = EDGE_CURVE ( 'NONE', #1814, #2109, #1588, .T. ) ;
#1917 = VECTOR ( 'NONE', #299, 1000.000000000000000 ) ;
#1918 = CARTESIAN_POINT ( 'NONE',  ( -2.100000000000000089, 1.649999999999999911, 45.89999999999999858 ) ) ;
#1919 = DIRECTION ( 'NONE',  ( 1.000000000000000000, -0.000000000000000000, -0.000000000000000000 ) ) ;
#1920 = VERTEX_POINT ( 'NONE', #32 ) ;
#1921 = DIRECTION ( 'NONE',  ( -1.000000000000000000, 0.000000000000000000, 0.000000000000000000 ) ) ;
#1922 = AXIS2_PLACEMENT_3D ( 'NONE', #1890, #61, #265 ) ;
#1923 = AXIS2_PLACEMENT_3D ( 'NONE', #2561, #1487, #1507 ) ;
#1924 = CARTESIAN_POINT ( 'NONE',  ( 51.50000000000000711, 0.000000000000000000, -37.24999999999999289 ) ) ;
#1925 = ORIENTED_EDGE ( 'NONE', *, *, #2656, .T. ) ;
#1926 = CARTESIAN_POINT ( 'NONE',  ( 52.90000000000000568, 3.850000000000000089, -43.89999999999999147 ) ) ;
#1927 = CIRCLE ( 'NONE', #1967, 3.000000000000000888 ) ;
#1928 = VERTEX_POINT ( 'NONE', #2314 ) ;
#1929 = AXIS2_PLACEMENT_3D ( 'NONE', #2418, #1185, #1139 ) ;
#1930 = CARTESIAN_POINT ( 'NONE',  ( -7.499999999999985789, -2.600000000000000533, -37.74999999999997868 ) ) ;
#1931 = DIRECTION ( 'NONE',  ( -0.000000000000000000, -1.000000000000000000, -0.000000000000000000 ) ) ;
#1932 = ADVANCED_FACE ( 'NONE', ( #1260, #2084 ), #238, .T. ) ;
#1933 = CARTESIAN_POINT ( 'NONE',  ( 52.89999999999999147, 3.850000000000000089, -45.89999999999999858 ) ) ;
#1934 = ORIENTED_EDGE ( 'NONE', *, *, #467, .T. ) ;
#1935 = LINE ( 'NONE', #912, #402 ) ;
#1936 = DIRECTION ( 'NONE',  ( 0.000000000000000000, 0.000000000000000000, -1.000000000000000000 ) ) ;
#1937 = CARTESIAN_POINT ( 'NONE',  ( 51.50000000000000711, -2.600000000000000533, -37.24999999999999289 ) ) ;
#1938 = CARTESIAN_POINT ( 'NONE',  ( -40.49999999999999289, 0.000000000000000000, -37.25000000000000000 ) ) ;
#1939 = ADVANCED_FACE ( 'NONE', ( #2502 ), #16, .T. ) ;
#1940 = ORIENTED_EDGE ( 'NONE', *, *, #2297, .F. ) ;
#1941 = DIRECTION ( 'NONE',  ( 0.000000000000000000, 0.000000000000000000, -1.000000000000000000 ) ) ;
#1942 = ORIENTED_EDGE ( 'NONE', *, *, #735, .F. ) ;
#1943 = CARTESIAN_POINT ( 'NONE',  ( -11.49999999999999289, -2.600000000000000533, 19.75000000000001066 ) ) ;
#1944 = ORIENTED_EDGE ( 'NONE', *, *, #1895, .T. ) ;
#1945 = DIRECTION ( 'NONE',  ( 0.000000000000000000, 0.000000000000000000, 1.000000000000000000 ) ) ;
#1946 = EDGE_LOOP ( 'NONE', ( #2612, #2591, #2325, #174 ) ) ;
#1947 = DIRECTION ( 'NONE',  ( 0.000000000000000000, 1.000000000000000000, 0.000000000000000000 ) ) ;
#1948 = LINE ( 'NONE', #1118, #1758 ) ;
#1949 = ORIENTED_EDGE ( 'NONE', *, *, #1419, .T. ) ;
#1950 = CARTESIAN_POINT ( 'NONE',  ( 12.50000000000001066, -2.600000000000000533, 8.750000000000008882 ) ) ;
#1951 = DIRECTION ( 'NONE',  ( -0.000000000000000000, 1.000000000000000000, -0.000000000000000000 ) ) ;
#1952 = ORIENTED_EDGE ( 'NONE', *, *, #186, .F. ) ;
#1953 = CARTESIAN_POINT ( 'NONE',  ( -52.89999999999999147, 0.000000000000000000, 43.89999999999999147 ) ) ;
#1954 = VERTEX_POINT ( 'NONE', #776 ) ;
#1955 = LINE ( 'NONE', #104, #208 ) ;
#1956 = FACE_OUTER_BOUND ( 'NONE', #1987, .T. ) ;
#1957 = DIRECTION ( 'NONE',  ( 0.000000000000000000, 0.000000000000000000, -1.000000000000000000 ) ) ;
#1958 = ORIENTED_EDGE ( 'NONE', *, *, #536, .T. ) ;
#1959 = CARTESIAN_POINT ( 'NONE',  ( 51.50000000000000711, -2.600000000000000533, -39.74999999999999289 ) ) ;
#1960 = VECTOR ( 'NONE', #323, 1000.000000000000000 ) ;
#1961 = CIRCLE ( 'NONE', #1402, 2.649999999999999467 ) ;
#1962 = ORIENTED_EDGE ( 'NONE', *, *, #2547, .T. ) ;
#1964 = ADVANCED_FACE ( 'NONE', ( #266 ), #1670, .F. ) ;
#1963 = CARTESIAN_POINT ( 'NONE',  ( -52.89999999999997726, 3.850000000000000089, 45.89999999999999858 ) ) ;
#1965 = AXIS2_PLACEMENT_3D ( 'NONE', #1482, #2318, #1101 ) ;
#1966 = VERTEX_POINT ( 'NONE', #2300 ) ;
#1967 = AXIS2_PLACEMENT_3D ( 'NONE', #2281, #2496, #1865 ) ;
#1968 = CARTESIAN_POINT ( 'NONE',  ( -7.499999999999985789, 0.000000000000000000, -39.74999999999997868 ) ) ;
#1969 = ORIENTED_EDGE ( 'NONE', *, *, #821, .F. ) ;
#1970 = AXIS2_PLACEMENT_3D ( 'NONE', #818, #1815, #2645 ) ;
#1971 = DIRECTION ( 'NONE',  ( 0.000000000000000000, 0.000000000000000000, 1.000000000000000000 ) ) ;
#1972 = ORIENTED_EDGE ( 'NONE', *, *, #1765, .F. ) ;
#1973 = AXIS2_PLACEMENT_3D ( 'NONE', #2544, #1741, #694 ) ;
#1974 = DIRECTION ( 'NONE',  ( 0.000000000000000000, 0.000000000000000000, 1.000000000000000000 ) ) ;
#1975 = DIRECTION ( 'NONE',  ( -0.000000000000000000, 1.000000000000000000, -0.000000000000000000 ) ) ;
#1976 = ADVANCED_FACE ( 'NONE', ( #448 ), #571, .F. ) ;
#1977 = PRODUCT ( 'bottom', 'bottom', '', ( #1566 ) ) ;
#1978 = ORIENTED_EDGE ( 'NONE', *, *, #332, .F. ) ;
#1979 = FACE_BOUND ( 'NONE', #1197, .T. ) ;
#1980 = VERTEX_POINT ( 'NONE', #823 ) ;
#1981 = EDGE_CURVE ( 'NONE', #2051, #1067, #464, .T. ) ;
#1982 = ORIENTED_EDGE ( 'NONE', *, *, #2060, .T. ) ;
#1983 = DIRECTION ( 'NONE',  ( 0.000000000000000000, 0.000000000000000000, -1.000000000000000000 ) ) ;
#1984 = VERTEX_POINT ( 'NONE', #1288 ) ;
#1985 = EDGE_CURVE ( 'NONE', #42, #341, #1428, .T. ) ;
#1986 = COORDINATED_UNIVERSAL_TIME_OFFSET ( 8, 0, .AHEAD. ) ;
#1987 = EDGE_LOOP ( 'NONE', ( #2119, #1992, #200, #1093 ) ) ;
#1988 = CC_DESIGN_PERSON_AND_ORGANIZATION_ASSIGNMENT ( #997, #340, ( #26 ) ) ;
#1989 = FACE_OUTER_BOUND ( 'NONE', #2667, .T. ) ;
#1990 = CARTESIAN_POINT ( 'NONE',  ( 37.89999999999999858, 3.850000000000000089, 43.29999999999999716 ) ) ;
#1991 = LINE ( 'NONE', #2002, #2235 ) ;
#1992 = ORIENTED_EDGE ( 'NONE', *, *, #735, .T. ) ;
#1993 = CARTESIAN_POINT ( 'NONE',  ( -11.49999999999999289, 0.000000000000000000, 19.75000000000001066 ) ) ;
#1994 = EDGE_LOOP ( 'NONE', ( #1828, #1475, #1352, #1777 ) ) ;
#1995 = DIRECTION ( 'NONE',  ( -0.000000000000000000, -0.000000000000000000, 1.000000000000000000 ) ) ;
#1996 = DIRECTION ( 'NONE',  ( -0.000000000000000000, -1.000000000000000000, 0.000000000000000000 ) ) ;
#1997 = EDGE_CURVE ( 'NONE', #196, #2566, #2319, .T. ) ;
#1998 = DATE_AND_TIME ( #365, #2538 ) ;
#1999 = VERTEX_POINT ( 'NONE', #1054 ) ;
#2000 = ORIENTED_EDGE ( 'NONE', *, *, #1146, .F. ) ;
#2001 = CARTESIAN_POINT ( 'NONE',  ( -30.89999999999999858, 75.01881339463236031, 45.89999999999999858 ) ) ;
#2002 = CARTESIAN_POINT ( 'NONE',  ( -52.89999999999997726, 3.850000000000000089, 45.89999999999999858 ) ) ;
#2003 = CIRCLE ( 'NONE', #2046, 2.000000000000001776 ) ;
#2004 = VERTEX_POINT ( 'NONE', #1030 ) ;
#2005 = LINE ( 'NONE', #2211, #170 ) ;
#2006 = AXIS2_PLACEMENT_3D ( 'NONE', #1918, #1650, #862 ) ;
#2007 = ORIENTED_EDGE ( 'NONE', *, *, #271, .F. ) ;
#2008 = CYLINDRICAL_SURFACE ( 'NONE', #1365, 2.000000000000001776 ) ;
#2009 = FACE_OUTER_BOUND ( 'NONE', #1994, .T. ) ;
#2010 = VECTOR ( 'NONE', #698, 1000.000000000000000 ) ;
#2011 = ORIENTED_EDGE ( 'NONE', *, *, #291, .F. ) ;
#2012 = VERTEX_POINT ( 'NONE', #1073 ) ;
#2013 = VECTOR ( 'NONE', #1853, 1000.000000000000000 ) ;
#2014 = DIRECTION ( 'NONE',  ( 0.000000000000000000, 0.000000000000000000, 1.000000000000000000 ) ) ;
#2015 = ORIENTED_EDGE ( 'NONE', *, *, #2542, .F. ) ;
#2016 = ADVANCED_FACE ( 'NONE', ( #2258 ), #1891, .F. ) ;
#2017 = AXIS2_PLACEMENT_3D ( 'NONE', #1912, #2522, #1321 ) ;
#2018 = DIRECTION ( 'NONE',  ( 1.035655806553317700E-16, 0.000000000000000000, -1.000000000000000000 ) ) ;
#2019 = DIRECTION ( 'NONE',  ( -0.000000000000000000, -0.000000000000000000, 1.000000000000000000 ) ) ;
#2020 = VECTOR ( 'NONE', #824, 1000.000000000000000 ) ;
#2021 = EDGE_LOOP ( 'NONE', ( #1249, #2151, #1095, #1837 ) ) ;
#2022 = VERTEX_POINT ( 'NONE', #2056 ) ;
#2023 = ADVANCED_FACE ( 'NONE', ( #1651 ), #217, .F. ) ;
#2024 = FACE_OUTER_BOUND ( 'NONE', #1699, .T. ) ;
#2025 = DIRECTION ( 'NONE',  ( 0.000000000000000000, 0.000000000000000000, -1.000000000000000000 ) ) ;
#2026 = ORIENTED_EDGE ( 'NONE', *, *, #2168, .T. ) ;
#2027 = DIRECTION ( 'NONE',  ( 0.000000000000000000, 1.000000000000000000, 0.000000000000000000 ) ) ;
#2028 = PLANE ( 'NONE',  #1744 ) ;
#2029 = DIRECTION ( 'NONE',  ( 0.000000000000000000, 1.000000000000000000, -0.000000000000000000 ) ) ;
#2030 = ORIENTED_EDGE ( 'NONE', *, *, #56, .T. ) ;
#2031 = DIRECTION ( 'NONE',  ( 0.000000000000000000, 0.000000000000000000, -1.000000000000000000 ) ) ;
#2032 = LINE ( 'NONE', #1252, #543 ) ;
#2033 = VERTEX_POINT ( 'NONE', #2487 ) ;
#2034 = DIRECTION ( 'NONE',  ( 0.000000000000000000, -0.000000000000000000, -1.000000000000000000 ) ) ;
#2035 = SHAPE_DEFINITION_REPRESENTATION ( #2196, #1522 ) ;
#2036 = ORIENTED_EDGE ( 'NONE', *, *, #2649, .F. ) ;
#2037 = CARTESIAN_POINT ( 'NONE',  ( -30.89999999999999147, 0.000000000000000000, -21.10000000000000853 ) ) ;
#2038 = CARTESIAN_POINT ( 'NONE',  ( -2.100000000000000089, 3.850000000000000089, 45.89999999999999858 ) ) ;
#2039 = ORIENTED_EDGE ( 'NONE', *, *, #1688, .F. ) ;
#2040 = ADVANCED_FACE ( 'NONE', ( #1639 ), #2111, .F. ) ;
#2041 = CARTESIAN_POINT ( 'NONE',  ( -22.49999999999998579, -2.600000000000000533, -14.24999999999999112 ) ) ;
#2042 = AXIS2_PLACEMENT_3D ( 'NONE', #495, #687, #1125 ) ;
#2043 = EDGE_CURVE ( 'NONE', #829, #611, #1860, .T. ) ;
#2044 = FACE_OUTER_BOUND ( 'NONE', #1409, .T. ) ;
#2045 = CARTESIAN_POINT ( 'NONE',  ( 51.50000000000000711, 0.000000000000000000, -39.74999999999999289 ) ) ;
#2046 = AXIS2_PLACEMENT_3D ( 'NONE', #1629, #1182, #1029 ) ;
#2047 = ORIENTED_EDGE ( 'NONE', *, *, #381, .F. ) ;
#2048 = AXIS2_PLACEMENT_3D ( 'NONE', #1644, #1250, #1265 ) ;
#2049 = CARTESIAN_POINT ( 'NONE',  ( 52.90000000000000568, 0.000000000000000000, 43.89999999999999147 ) ) ;
#2050 = APPROVAL_DATE_TIME ( #1845, #1201 ) ;
#2051 = VERTEX_POINT ( 'NONE', #2286 ) ;
#2052 = VECTOR ( 'NONE', #307, 1000.000000000000000 ) ;
#2053 = CIRCLE ( 'NONE', #414, 2.500000000000002220 ) ;
#2054 = FACE_OUTER_BOUND ( 'NONE', #2140, .T. ) ;
#2055 = VECTOR ( 'NONE', #2469, 1000.000000000000000 ) ;
#2056 = CARTESIAN_POINT ( 'NONE',  ( -37.40000000000000568, 0.8500000000000000888, 8.750000000000003553 ) ) ;
#2057 = CARTESIAN_POINT ( 'NONE',  ( 2.100000000000000089, 1.649999999999999911, 45.89999999999999858 ) ) ;
#2058 = AXIS2_PLACEMENT_3D ( 'NONE', #1884, #1687, #2306 ) ;
#2059 = VECTOR ( 'NONE', #28, 1000.000000000000000 ) ;
#2060 = EDGE_CURVE ( 'NONE', #675, #709, #2534, .T. ) ;
#2061 = APPROVAL_PERSON_ORGANIZATION ( #613, #1201, #1027 ) ;
#2062 = CARTESIAN_POINT ( 'NONE',  ( 42.50000000000002842, -2.600000000000000533, -37.74999999999997158 ) ) ;
#2063 = LINE ( 'NONE', #1224, #1063 ) ;
#2064 = ADVANCED_FACE ( 'NONE', ( #1085 ), #1696, .F. ) ;
#2065 = ORIENTED_EDGE ( 'NONE', *, *, #1178, .F. ) ;
#2066 = DIRECTION ( 'NONE',  ( -0.000000000000000000, -1.000000000000000000, -0.000000000000000000 ) ) ;
#2067 = SECURITY_CLASSIFICATION_LEVEL ( 'unclassified' ) ;
#2068 = DIRECTION ( 'NONE',  ( -0.000000000000000000, -1.000000000000000000, -0.000000000000000000 ) ) ;
#2069 = PLANE ( 'NONE',  #2571 ) ;
#2070 = DIRECTION ( 'NONE',  ( 0.000000000000000000, -0.000000000000000000, 1.000000000000000000 ) ) ;
#2071 = DIRECTION ( 'NONE',  ( -0.000000000000000000, -1.000000000000000000, -0.000000000000000000 ) ) ;
#2072 = VERTEX_POINT ( 'NONE', #875 ) ;
#2073 = EDGE_CURVE ( 'NONE', #394, #1290, #678, .T. ) ;
#2074 = EDGE_LOOP ( 'NONE', ( #224, #1626, #45, #2664 ) ) ;
#2075 = PRODUCT_RELATED_PRODUCT_CATEGORY ( 'detail', '', ( #1977 ) ) ;
#2076 = CARTESIAN_POINT ( 'NONE',  ( 19.49999999999999289, 0.000000000000000000, 20.75000000000000711 ) ) ;
#2077 = CARTESIAN_POINT ( 'NONE',  ( -52.89999999999999147, 0.8500000000000000888, 43.89999999999999147 ) ) ;
#2078 = ORIENTED_EDGE ( 'NONE', *, *, #1221, .F. ) ;
#2079 = ORIENTED_EDGE ( 'NONE', *, *, #808, .F. ) ;
#2080 = CARTESIAN_POINT ( 'NONE',  ( -26.49999999999999645, 2.850000000000000089, 6.749999999999999112 ) ) ;
#2081 = CARTESIAN_POINT ( 'NONE',  ( -52.89999999999997726, 3.850000000000000089, 45.89999999999999858 ) ) ;
#2082 = DIRECTION ( 'NONE',  ( 0.000000000000000000, -1.000000000000000000, 0.000000000000000000 ) ) ;
#2083 = EDGE_CURVE ( 'NONE', #476, #1563, #417, .T. ) ;
#2084 = FACE_BOUND ( 'NONE', #1220, .T. ) ;
#2085 = FACE_OUTER_BOUND ( 'NONE', #1435, .T. ) ;
#2086 = CARTESIAN_POINT ( 'NONE',  ( -26.49999999999999645, 2.850000000000000089, 2.249999999999997780 ) ) ;
#2087 = ORIENTED_EDGE ( 'NONE', *, *, #908, .F. ) ;
#2088 = CARTESIAN_POINT ( 'NONE',  ( 42.10000000000000142, 1.649999999999999911, 45.89999999999999858 ) ) ;
#2089 = DIRECTION ( 'NONE',  ( 1.035655806553317700E-16, 0.000000000000000000, -1.000000000000000000 ) ) ;
#2090 = ORIENTED_EDGE ( 'NONE', *, *, #157, .T. ) ;
#2091 = ORIENTED_EDGE ( 'NONE', *, *, #1855, .F. ) ;
#2092 = DIRECTION ( 'NONE',  ( 0.000000000000000000, 1.000000000000000000, -0.000000000000000000 ) ) ;
#2093 = CARTESIAN_POINT ( 'NONE',  ( -40.49999999999999289, 1.850000000000000089, -34.60000000000000142 ) ) ;
#2094 = DIRECTION ( 'NONE',  ( 0.000000000000000000, 1.000000000000000000, 0.000000000000000000 ) ) ;
#2095 = AXIS2_PLACEMENT_3D ( 'NONE', #1542, #107, #2369 ) ;
#2096 = CIRCLE ( 'NONE', #540, 2.649999999999999467 ) ;
#2097 = CARTESIAN_POINT ( 'NONE',  ( -42.10000000000000853, 3.850000000000000089, 45.89999999999999858 ) ) ;
#2098 = ORIENTED_EDGE ( 'NONE', *, *, #348, .F. ) ;
#2099 = EDGE_CURVE ( 'NONE', #1984, #928, #1843, .T. ) ;
#2100 = CARTESIAN_POINT ( 'NONE',  ( 42.10000000000000142, 0.000000000000000000, 0.000000000000000000 ) ) ;
#2101 = VECTOR ( 'NONE', #1671, 1000.000000000000000 ) ;
#2102 = LINE ( 'NONE', #103, #839 ) ;
#2103 = DIRECTION ( 'NONE',  ( 0.000000000000000000, 0.000000000000000000, 1.000000000000000000 ) ) ;
#2104 = CC_DESIGN_APPROVAL ( #1032, ( #305 ) ) ;
#2105 = ORIENTED_EDGE ( 'NONE', *, *, #2604, .F. ) ;
#2106 = EDGE_CURVE ( 'NONE', #1608, #1657, #724, .T. ) ;
#2107 = ORIENTED_EDGE ( 'NONE', *, *, #2106, .F. ) ;
#2108 = CARTESIAN_POINT ( 'NONE',  ( -30.89999999999999147, 0.8500000000000035305, -21.10000000000000853 ) ) ;
#2109 = VERTEX_POINT ( 'NONE', #390 ) ;
#2110 = DIRECTION ( 'NONE',  ( -0.000000000000000000, 1.000000000000000000, -0.000000000000000000 ) ) ;
#2111 = PLANE ( 'NONE',  #586 ) ;
#2112 = CARTESIAN_POINT ( 'NONE',  ( -11.49999999999999289, 0.000000000000000000, 22.25000000000001066 ) ) ;
#2113 = ORIENTED_EDGE ( 'NONE', *, *, #684, .F. ) ;
#2114 = CARTESIAN_POINT ( 'NONE',  ( 52.89999999999999147, 3.850000000000000089, 45.89999999999999858 ) ) ;
#2115 = EDGE_CURVE ( 'NONE', #663, #2159, #1710, .T. ) ;
#2116 = DIRECTION ( 'NONE',  ( 0.000000000000000000, 0.000000000000000000, 1.000000000000000000 ) ) ;
#2117 = FACE_OUTER_BOUND ( 'NONE', #1180, .T. ) ;
#2118 = VERTEX_POINT ( 'NONE', #1215 ) ;
#2119 = ORIENTED_EDGE ( 'NONE', *, *, #2622, .F. ) ;
#2120 = FACE_OUTER_BOUND ( 'NONE', #2173, .T. ) ;
#2121 = EDGE_LOOP ( 'NONE', ( #1087, #1885, #1070, #358 ) ) ;
#2122 = FACE_OUTER_BOUND ( 'NONE', #2592, .T. ) ;
#2123 = CC_DESIGN_PERSON_AND_ORGANIZATION_ASSIGNMENT ( #1870, #1257, ( #219 ) ) ;
#2124 = CARTESIAN_POINT ( 'NONE',  ( -42.10000000000000853, 3.850000000000000089, 43.29999999999999716 ) ) ;
#2125 = EDGE_LOOP ( 'NONE', ( #2036, #2224, #2461, #241 ) ) ;
#2126 = CARTESIAN_POINT ( 'NONE',  ( 42.50000000000002842, 0.000000000000000000, -37.74999999999997158 ) ) ;
#2127 = CARTESIAN_POINT ( 'NONE',  ( 42.10000000000000142, 2.922792206135786053, 43.29999999999999716 ) ) ;
#2128 = EDGE_CURVE ( 'NONE', #709, #36, #645, .T. ) ;
#2129 = DIRECTION ( 'NONE',  ( 0.000000000000000000, 0.000000000000000000, 1.000000000000000000 ) ) ;
#2130 = EDGE_LOOP ( 'NONE', ( #1536, #562 ) ) ;
#2131 = DIRECTION ( 'NONE',  ( 0.000000000000000000, 0.000000000000000000, -1.000000000000000000 ) ) ;
#2132 = VERTEX_POINT ( 'NONE', #2471 ) ;
#2133 = EDGE_CURVE ( 'NONE', #2118, #1225, #1622, .T. ) ;
#2134 = ORIENTED_EDGE ( 'NONE', *, *, #2184, .F. ) ;
#2135 = DIRECTION ( 'NONE',  ( 0.000000000000000000, -1.000000000000000000, 0.000000000000000000 ) ) ;
#2136 = CARTESIAN_POINT ( 'NONE',  ( 42.50000000000002842, -2.600000000000000533, -39.74999999999997868 ) ) ;
#2137 = UNCERTAINTY_MEASURE_WITH_UNIT (LENGTH_MEASURE( 1.000000000000000082E-05 ), #2434, 'distance_accuracy_value', 'NONE');
#2138 = CARTESIAN_POINT ( 'NONE',  ( -28.49999999999999289, -2.600000000000000533, 40.89999999999999858 ) ) ;
#2139 = CYLINDRICAL_SURFACE ( 'NONE', #1973, 2.499999999999998668 ) ;
#2140 = EDGE_LOOP ( 'NONE', ( #443, #995, #2482, #2026 ) ) ;
#2141 = CARTESIAN_POINT ( 'NONE',  ( 47.50000000000001421, 0.000000000000000000, 6.750000000000019540 ) ) ;
#2142 = DIRECTION ( 'NONE',  ( 0.000000000000000000, -1.000000000000000000, 0.000000000000000000 ) ) ;
#2143 = AXIS2_PLACEMENT_3D ( 'NONE', #1617, #2452, #1638 ) ;
#2144 = DIRECTION ( 'NONE',  ( 0.000000000000000000, 0.000000000000000000, 1.000000000000000000 ) ) ;
#2145 = AXIS2_PLACEMENT_3D ( 'NONE', #1632, #2670, #9 ) ;
#2146 = VECTOR ( 'NONE', #653, 1000.000000000000000 ) ;
#2147 = CARTESIAN_POINT ( 'NONE',  ( -2.100000000000000089, 2.922792206135786053, 43.29999999999999716 ) ) ;
#2148 = EDGE_LOOP ( 'NONE', ( #2200, #886, #1636, #1397 ) ) ;
#2149 = CARTESIAN_POINT ( 'NONE',  ( 54.90000000000000568, 0.000000000000000000, 43.89999999999997726 ) ) ;
#2150 = ADVANCED_FACE ( 'NONE', ( #1465 ), #1615, .F. ) ;
#2151 = ORIENTED_EDGE ( 'NONE', *, *, #873, .F. ) ;
#2152 = DIRECTION ( 'NONE',  ( -1.000000000000000000, -0.000000000000000000, -0.000000000000000000 ) ) ;
#2153 = DIRECTION ( 'NONE',  ( -0.000000000000000000, -1.000000000000000000, -0.000000000000000000 ) ) ;
#2154 = ADVANCED_FACE ( 'NONE', ( #2447 ), #1856, .F. ) ;
#2155 = AXIS2_PLACEMENT_3D ( 'NONE', #1407, #761, #136 ) ;
#2156 = CARTESIAN_POINT ( 'NONE',  ( 51.50000000000000711, 0.000000000000000000, -34.74999999999998579 ) ) ;
#2157 = ADVANCED_FACE ( 'NONE', ( #13 ), #1628, .T. ) ;
#2158 = DIRECTION ( 'NONE',  ( -0.000000000000000000, 1.000000000000000000, -0.000000000000000000 ) ) ;
#2159 = VERTEX_POINT ( 'NONE', #1635 ) ;
#2160 = DIRECTION ( 'NONE',  ( 1.000000000000000000, -0.000000000000000000, -0.000000000000000000 ) ) ;
#2161 = DIRECTION ( 'NONE',  ( 0.000000000000000000, -1.000000000000000000, 0.000000000000000000 ) ) ;
#2162 = FACE_BOUND ( 'NONE', #1503, .T. ) ;
#2163 = ORIENTED_EDGE ( 'NONE', *, *, #186, .T. ) ;
#2164 = DIRECTION ( 'NONE',  ( 0.000000000000000000, -1.000000000000000000, 0.000000000000000000 ) ) ;
#2165 = CARTESIAN_POINT ( 'NONE',  ( -54.89999999999999147, 75.01881339463236031, -21.10000000000001563 ) ) ;
#2166 = CARTESIAN_POINT ( 'NONE',  ( -7.499999999999985789, -2.600000000000000533, -39.74999999999997868 ) ) ;
#2167 = EDGE_LOOP ( 'NONE', ( #2206, #2377, #1377, #347 ) ) ;
#2168 = EDGE_CURVE ( 'NONE', #567, #2563, #1713, .T. ) ;
#2169 = DIRECTION ( 'NONE',  ( 0.000000000000000000, -1.000000000000000000, 0.000000000000000000 ) ) ;
#2170 = ORIENTED_EDGE ( 'NONE', *, *, #393, .T. ) ;
#2171 = FACE_BOUND ( 'NONE', #555, .T. ) ;
#2172 = ORIENTED_EDGE ( 'NONE', *, *, #2510, .F. ) ;
#2173 = EDGE_LOOP ( 'NONE', ( #1461, #990, #2657, #1866, #1470 ) ) ;
#2174 = CARTESIAN_POINT ( 'NONE',  ( -52.89999999999999147, 3.850000000000000089, -43.89999999999999147 ) ) ;
#2175 = ORIENTED_EDGE ( 'NONE', *, *, #2448, .T. ) ;
#2176 = DIRECTION ( 'NONE',  ( -0.000000000000000000, -1.000000000000000000, 0.000000000000000000 ) ) ;
#2177 = ORIENTED_EDGE ( 'NONE', *, *, #76, .F. ) ;
#2178 = EDGE_CURVE ( 'NONE', #523, #1717, #1838, .T. ) ;
#2179 = VECTOR ( 'NONE', #526, 1000.000000000000000 ) ;
#2180 = CARTESIAN_POINT ( 'NONE',  ( -11.49999999999999289, -2.600000000000000533, 19.75000000000001066 ) ) ;
#2181 = ADVANCED_FACE ( 'NONE', ( #2244 ), #1414, .F. ) ;
#2182 = AXIS2_PLACEMENT_3D ( 'NONE', #693, #1516, #1259 ) ;
#2183 = DIRECTION ( 'NONE',  ( 0.000000000000000000, -1.000000000000000000, 0.000000000000000000 ) ) ;
#2184 = EDGE_CURVE ( 'NONE', #497, #397, #1039, .T. ) ;
#2185 = AXIS2_PLACEMENT_3D ( 'NONE', #1943, #2164, #1548 ) ;
#2186 = ORIENTED_EDGE ( 'NONE', *, *, #1525, .T. ) ;
#2187 = VECTOR ( 'NONE', #816, 1000.000000000000000 ) ;
#2188 = DIRECTION ( 'NONE',  ( -0.000000000000000000, -1.000000000000000000, -0.000000000000000000 ) ) ;
#2189 = EDGE_CURVE ( 'NONE', #675, #789, #1226, .T. ) ;
#2190 = AXIS2_PLACEMENT_3D ( 'NONE', #2080, #2092, #2254 ) ;
#2191 = AXIS2_PLACEMENT_3D ( 'NONE', #1099, #876, #481 ) ;
#2192 = APPROVAL_DATE_TIME ( #2204, #1421 ) ;
#2193 = ORIENTED_EDGE ( 'NONE', *, *, #14, .F. ) ;
#2194 = DIRECTION ( 'NONE',  ( -0.000000000000000000, -1.000000000000000000, -0.000000000000000000 ) ) ;
#2195 = DIRECTION ( 'NONE',  ( 0.000000000000000000, 1.000000000000000000, 0.000000000000000000 ) ) ;
#2196 = PRODUCT_DEFINITION_SHAPE ( 'NONE', 'NONE',  #26 ) ;
#2197 = EDGE_CURVE ( 'NONE', #399, #2033, #1452, .T. ) ;
#2198 = ORIENTED_EDGE ( 'NONE', *, *, #2293, .F. ) ;
#2199 = DIRECTION ( 'NONE',  ( -0.000000000000000000, 1.000000000000000000, -0.000000000000000000 ) ) ;
#2200 = ORIENTED_EDGE ( 'NONE', *, *, #1057, .T. ) ;
#2201 = EDGE_CURVE ( 'NONE', #52, #2132, #433, .T. ) ;
#2202 = FACE_OUTER_BOUND ( 'NONE', #450, .T. ) ;
#2203 = CARTESIAN_POINT ( 'NONE',  ( -37.39999999999999858, 12.33528137423857807, -16.74999999999999645 ) ) ;
#2204 = DATE_AND_TIME ( #2634, #259 ) ;
#2205 = ORIENTED_EDGE ( 'NONE', *, *, #1816, .F. ) ;
#2206 = ORIENTED_EDGE ( 'NONE', *, *, #2115, .T. ) ;
#2207 = CARTESIAN_POINT ( 'NONE',  ( 43.50000000000001421, -2.600000000000000533, 28.75000000000001776 ) ) ;
#2208 = FACE_OUTER_BOUND ( 'NONE', #906, .T. ) ;
#2209 = CARTESIAN_POINT ( 'NONE',  ( -52.89999999999997726, 3.850000000000000089, 45.89999999999999858 ) ) ;
#2210 = ORIENTED_EDGE ( 'NONE', *, *, #386, .T. ) ;
#2211 = CARTESIAN_POINT ( 'NONE',  ( -2.100000000000000089, 1.649999999999999911, 45.89999999999999858 ) ) ;
#2212 = EDGE_LOOP ( 'NONE', ( #64, #1381, #1420, #739, #1242 ) ) ;
#2213 = FACE_OUTER_BOUND ( 'NONE', #152, .T. ) ;
#2214 = DIRECTION ( 'NONE',  ( 1.000000000000000000, -0.000000000000000000, -0.000000000000000000 ) ) ;
#2215 = ORIENTED_EDGE ( 'NONE', *, *, #1505, .F. ) ;
#2216 = ADVANCED_FACE ( 'NONE', ( #846 ), #1417, .F. ) ;
#2217 = EDGE_LOOP ( 'NONE', ( #1418, #1683 ) ) ;
#2218 = ORIENTED_EDGE ( 'NONE', *, *, #2660, .T. ) ;
#2219 = ORIENTED_EDGE ( 'NONE', *, *, #1773, .F. ) ;
#2220 = CARTESIAN_POINT ( 'NONE',  ( 54.90000000000000568, 3.850000000000000089, 43.89999999999997726 ) ) ;
#2221 = LINE ( 'NONE', #371, #2661 ) ;
#2222 = ADVANCED_FACE ( 'NONE', ( #989 ), #596, .T. ) ;
#2223 = CIRCLE ( 'NONE', #1056, 2.499999999999998668 ) ;
#2224 = ORIENTED_EDGE ( 'NONE', *, *, #552, .T. ) ;
#2225 = VECTOR ( 'NONE', #1740, 1000.000000000000000 ) ;
#2226 = ORIENTED_EDGE ( 'NONE', *, *, #2346, .F. ) ;
#2227 = LINE ( 'NONE', #1800, #2481 ) ;
#2228 = CYLINDRICAL_SURFACE ( 'NONE', #1659, 4.500000000000001776 ) ;
#2229 = AXIS2_PLACEMENT_3D ( 'NONE', #1712, #1068, #2513 ) ;
#2230 = VERTEX_POINT ( 'NONE', #333 ) ;
#2231 = AXIS2_PLACEMENT_3D ( 'NONE', #2077, #2643, #207 ) ;
#2232 = CIRCLE ( 'NONE', #1620, 3.999999999999998224 ) ;
#2233 = APPLICATION_PROTOCOL_DEFINITION ( 'international standard', 'config_control_design', 1994, #779 ) ;
#2234 = ORIENTED_EDGE ( 'NONE', *, *, #112, .T. ) ;
#2235 = VECTOR ( 'NONE', #963, 1000.000000000000000 ) ;
#2236 = DIRECTION ( 'NONE',  ( 0.000000000000000000, -1.000000000000000000, 0.000000000000000000 ) ) ;
#2237 = ADVANCED_FACE ( 'NONE', ( #1372 ), #952, .F. ) ;
#2238 = DIRECTION ( 'NONE',  ( 0.000000000000000000, 1.000000000000000000, -0.000000000000000000 ) ) ;
#2239 = VECTOR ( 'NONE', #1546, 1000.000000000000000 ) ;
#2240 = ORIENTED_EDGE ( 'NONE', *, *, #1431, .T. ) ;
#2241 = LINE ( 'NONE', #396, #2654 ) ;
#2242 = CYLINDRICAL_SURFACE ( 'NONE', #31, 2.500000000000002220 ) ;
#2243 = EDGE_LOOP ( 'NONE', ( #2423, #756, #1867, #2577 ) ) ;
#2244 = FACE_OUTER_BOUND ( 'NONE', #1946, .T. ) ;
#2245 = VERTEX_POINT ( 'NONE', #788 ) ;
#2246 = FACE_OUTER_BOUND ( 'NONE', #1631, .T. ) ;
#2247 = LINE ( 'NONE', #1272, #1332 ) ;
#2248 = VERTEX_POINT ( 'NONE', #746 ) ;
#2249 = EDGE_CURVE ( 'NONE', #1229, #1100, #1195, .T. ) ;
#2250 = ORIENTED_EDGE ( 'NONE', *, *, #271, .T. ) ;
#2251 = CARTESIAN_POINT ( 'NONE',  ( -40.49999999999999289, 1.850000000000000089, -37.25000000000000000 ) ) ;
#2252 = LINE ( 'NONE', #398, #2406 ) ;
#2253 = ORIENTED_EDGE ( 'NONE', *, *, #467, .F. ) ;
#2254 = DIRECTION ( 'NONE',  ( 0.000000000000000000, 0.000000000000000000, -1.000000000000000000 ) ) ;
#2255 = CALENDAR_DATE ( 2025, 24, 9 ) ;
#2256 = LINE ( 'NONE', #1439, #2404 ) ;
#2257 = CARTESIAN_POINT ( 'NONE',  ( 12.50000000000001066, 0.000000000000000000, 11.25000000000001066 ) ) ;
#2258 = FACE_OUTER_BOUND ( 'NONE', #171, .T. ) ;
#2259 = EDGE_CURVE ( 'NONE', #385, #1753, #1991, .T. ) ;
#2260 = CARTESIAN_POINT ( 'NONE',  ( -52.89999999999999147, 2.850000000000000089, 43.89999999999999147 ) ) ;
#2261 = VERTEX_POINT ( 'NONE', #1779 ) ;
#2262 = EDGE_CURVE ( 'NONE', #2558, #570, #256, .T. ) ;
#2263 = CARTESIAN_POINT ( 'NONE',  ( -42.10000000000000853, 2.922792206135786053, 43.29999999999999716 ) ) ;
#2264 = CARTESIAN_POINT ( 'NONE',  ( -26.49999999999999645, 0.000000000000000000, 11.25000000000000000 ) ) ;
#2265 = DIRECTION ( 'NONE',  ( 1.000000000000000000, 0.000000000000000000, 0.000000000000000000 ) ) ;
#2266 = ORIENTED_EDGE ( 'NONE', *, *, #2668, .T. ) ;
#2267 = VECTOR ( 'NONE', #2568, 1000.000000000000000 ) ;
#2268 = CARTESIAN_POINT ( 'NONE',  ( 36.49999999999999289, 32.45069929215019044, 43.75000000000002132 ) ) ;
#2269 = EDGE_CURVE ( 'NONE', #36, #2553, #2410, .T. ) ;
#2270 = AXIS2_PLACEMENT_3D ( 'NONE', #2147, #855, #688 ) ;
#2271 = AXIS2_PLACEMENT_3D ( 'NONE', #2100, #1921, #664 ) ;
#2272 = CARTESIAN_POINT ( 'NONE',  ( 12.50000000000001066, -2.600000000000000533, 8.750000000000008882 ) ) ;
#2273 = VECTOR ( 'NONE', #430, 1000.000000000000000 ) ;
#2274 = CARTESIAN_POINT ( 'NONE',  ( 51.50000000000000711, 1.850000000000000089, -37.24999999999999289 ) ) ;
#2275 = DIRECTION ( 'NONE',  ( 0.000000000000000000, -0.000000000000000000, -1.000000000000000000 ) ) ;
#2276 = VECTOR ( 'NONE', #2551, 1000.000000000000000 ) ;
#2277 = ORIENTED_EDGE ( 'NONE', *, *, #501, .F. ) ;
#2278 = AXIS2_PLACEMENT_3D ( 'NONE', #1618, #774, #2610 ) ;
#2279 = ORGANIZATION ( '未指定', '未指定', '' ) ;
#2280 = CARTESIAN_POINT ( 'NONE',  ( 37.89999999999999858, 2.922792206135786053, 43.29999999999999716 ) ) ;
#2281 = CARTESIAN_POINT ( 'NONE',  ( -37.40000000000000568, 0.8500000000000000888, 11.75000000000000533 ) ) ;
#2282 = ORIENTED_EDGE ( 'NONE', *, *, #2392, .F. ) ;
#2283 = EDGE_CURVE ( 'NONE', #1797, #1846, #1384, .T. ) ;
#2284 = DIRECTION ( 'NONE',  ( -1.000000000000000000, -0.000000000000000000, -0.000000000000000000 ) ) ;
#2285 = DIRECTION ( 'NONE',  ( 0.000000000000000000, -1.000000000000000000, 0.000000000000000000 ) ) ;
#2286 = CARTESIAN_POINT ( 'NONE',  ( -30.89999999999999503, 0.000000000000000000, 5.806601886794316769 ) ) ;
#2287 = CARTESIAN_POINT ( 'NONE',  ( 47.50000000000001421, -2.600000000000000533, 6.750000000000019540 ) ) ;
#2288 = DIRECTION ( 'NONE',  ( 2.891205793294678819E-16, 0.000000000000000000, -1.000000000000000000 ) ) ;
#2289 = ORIENTED_EDGE ( 'NONE', *, *, #552, .F. ) ;
#2290 = CARTESIAN_POINT ( 'NONE',  ( 37.89999999999999858, 1.649999999999999911, 45.89999999999999858 ) ) ;
#2291 = CARTESIAN_POINT ( 'NONE',  ( -28.49999999999999289, 0.000000000000000000, 36.89999999999999858 ) ) ;
#2292 = CARTESIAN_POINT ( 'NONE',  ( -40.49999999999999289, 0.000000000000000000, -37.25000000000000000 ) ) ;
#2293 = EDGE_CURVE ( 'NONE', #1539, #829, #357, .T. ) ;
#2294 = ORIENTED_EDGE ( 'NONE', *, *, #226, .F. ) ;
#2295 = EDGE_LOOP ( 'NONE', ( #1541, #949, #1513, #82 ) ) ;
#2296 = DIRECTION ( 'NONE',  ( 0.000000000000000000, 0.000000000000000000, -1.000000000000000000 ) ) ;
#2297 = EDGE_CURVE ( 'NONE', #729, #1192, #510, .T. ) ;
#2298 = ORIENTED_EDGE ( 'NONE', *, *, #1, .T. ) ;
#2299 = DIRECTION ( 'NONE',  ( 0.000000000000000000, -0.000000000000000000, -1.000000000000000000 ) ) ;
#2300 = CARTESIAN_POINT ( 'NONE',  ( 42.50000000000002842, -2.600000000000000533, -35.74999999999996447 ) ) ;
#2301 = CYLINDRICAL_SURFACE ( 'NONE', #420, 2.000000000000001776 ) ;
#2302 = ORIENTED_EDGE ( 'NONE', *, *, #1293, .T. ) ;
#2303 = DIRECTION ( 'NONE',  ( -1.508455196501572169E-16, 0.000000000000000000, 1.000000000000000000 ) ) ;
#2304 = EDGE_CURVE ( 'NONE', #699, #919, #343, .T. ) ;
#2305 = DIRECTION ( 'NONE',  ( -0.000000000000000000, 0.7071067811865463515, -0.7071067811865487940 ) ) ;
#2306 = DIRECTION ( 'NONE',  ( 0.000000000000000000, -3.267618461850094197E-16, -1.000000000000000000 ) ) ;
#2307 = EDGE_LOOP ( 'NONE', ( #8, #367 ) ) ;
#2308 = ORIENTED_EDGE ( 'NONE', *, *, #940, .T. ) ;
#2309 = DIRECTION ( 'NONE',  ( 0.000000000000000000, 0.000000000000000000, 1.000000000000000000 ) ) ;
#2310 = AXIS2_PLACEMENT_3D ( 'NONE', #1937, #144, #2376 ) ;
#2311 = VECTOR ( 'NONE', #1905, 1000.000000000000000 ) ;
#2312 = EDGE_CURVE ( 'NONE', #1060, #965, #1159, .T. ) ;
#2313 = DIRECTION ( 'NONE',  ( 0.000000000000000000, 0.000000000000000000, 1.000000000000000000 ) ) ;
#2314 = CARTESIAN_POINT ( 'NONE',  ( -28.49999999999999289, -2.600000000000000533, 36.89999999999999858 ) ) ;
#2315 = AXIS2_PLACEMENT_3D ( 'NONE', #900, #1317, #2144 ) ;
#2316 = CARTESIAN_POINT ( 'NONE',  ( -26.49999999999999645, 0.000000000000000000, 6.749999999999999112 ) ) ;
#2317 = VERTEX_POINT ( 'NONE', #976 ) ;
#2318 = DIRECTION ( 'NONE',  ( 1.000000000000000000, -0.000000000000000000, 1.035655806553317700E-16 ) ) ;
#2319 = CIRCLE ( 'NONE', #1493, 2.000000000000001776 ) ;
#2320 = VECTOR ( 'NONE', #1044, 1000.000000000000000 ) ;
#2321 = DIRECTION ( 'NONE',  ( 2.040851148208008491E-16, 0.000000000000000000, -1.000000000000000000 ) ) ;
#2322 = LINE ( 'NONE', #2291, #1823 ) ;
#2323 = CARTESIAN_POINT ( 'NONE',  ( -11.49999999999999289, 0.000000000000000000, 19.75000000000001066 ) ) ;
#2324 = AXIS2_PLACEMENT_3D ( 'NONE', #320, #1143, #1957 ) ;
#2325 = ORIENTED_EDGE ( 'NONE', *, *, #1178, .T. ) ;
#2326 = ORIENTED_EDGE ( 'NONE', *, *, #260, .T. ) ;
#2327 = CARTESIAN_POINT ( 'NONE',  ( -2.100000000000000089, 3.850000000000000089, 43.29999999999999716 ) ) ;
#2328 = CARTESIAN_POINT ( 'NONE',  ( 51.50000000000000711, 1.850000000000000089, -37.24999999999999289 ) ) ;
#2329 = FACE_OUTER_BOUND ( 'NONE', #2504, .T. ) ;
#2330 = ORIENTED_EDGE ( 'NONE', *, *, #70, .T. ) ;
#2331 = CARTESIAN_POINT ( 'NONE',  ( -22.49999999999998579, -2.600000000000000533, -16.74999999999998934 ) ) ;
#2332 = CARTESIAN_POINT ( 'NONE',  ( -30.89999999999999147, 75.01881339463236031, -21.10000000000000853 ) ) ;
#2333 = ADVANCED_FACE ( 'NONE', ( #1172 ), #797, .F. ) ;
#2334 = CARTESIAN_POINT ( 'NONE',  ( 42.50000000000002842, -2.600000000000000533, -37.74999999999997158 ) ) ;
#2335 = CARTESIAN_POINT ( 'NONE',  ( -2.100000000000000089, 0.000000000000000000, 0.000000000000000000 ) ) ;
#2336 = ORIENTED_EDGE ( 'NONE', *, *, #2178, .T. ) ;
#2337 = CARTESIAN_POINT ( 'NONE',  ( -30.89999999999999858, 0.8500000000000035305, 45.89999999999999858 ) ) ;
#2338 = VERTEX_POINT ( 'NONE', #1583 ) ;
#2339 = DIRECTION ( 'NONE',  ( -1.000000000000000000, -0.000000000000000000, -2.775557561562890365E-16 ) ) ;
#2340 = DIRECTION ( 'NONE',  ( 0.000000000000000000, 0.000000000000000000, -1.000000000000000000 ) ) ;
#2341 = CARTESIAN_POINT ( 'NONE',  ( 2.100000000000000089, 2.922792206135786053, 43.29999999999999716 ) ) ;
#2342 = ORIENTED_EDGE ( 'NONE', *, *, #291, .T. ) ;
#2343 = CARTESIAN_POINT ( 'NONE',  ( -11.49999999999999289, -2.600000000000000533, 22.25000000000001066 ) ) ;
#2344 = CARTESIAN_POINT ( 'NONE',  ( 42.50000000000002842, 0.000000000000000000, -39.74999999999997868 ) ) ;
#2345 = DIRECTION ( 'NONE',  ( -1.000000000000000000, 0.000000000000000000, -2.891205793294678819E-16 ) ) ;
#2346 = EDGE_CURVE ( 'NONE', #723, #1772, #468, .T. ) ;
#2347 = EDGE_CURVE ( 'NONE', #1484, #1830, #2221, .T. ) ;
#2348 = LINE ( 'NONE', #90, #539 ) ;
#2349 = LINE ( 'NONE', #2337, #980 ) ;
#2350 = ORIENTED_EDGE ( 'NONE', *, *, #826, .F. ) ;
#2351 = EDGE_CURVE ( 'NONE', #1108, #642, #682, .T. ) ;
#2352 = CARTESIAN_POINT ( 'NONE',  ( -28.49999999999999289, -2.600000000000000533, 36.89999999999999858 ) ) ;
#2353 = DIRECTION ( 'NONE',  ( -0.000000000000000000, -1.000000000000000000, -0.000000000000000000 ) ) ;
#2354 = APPLICATION_CONTEXT ( 'configuration controlled 3d designs of mechanical parts and assemblies' ) ;
#2355 = FACE_OUTER_BOUND ( 'NONE', #2125, .T. ) ;
#2356 = LINE ( 'NONE', #896, #1071 ) ;
#2357 = ORIENTED_EDGE ( 'NONE', *, *, #1228, .T. ) ;
#2358 = CIRCLE ( 'NONE', #1745, 2.500000000000000444 ) ;
#2359 = DIRECTION ( 'NONE',  ( 0.000000000000000000, 1.000000000000000000, -0.000000000000000000 ) ) ;
#2360 = VECTOR ( 'NONE', #2188, 1000.000000000000000 ) ;
#2361 = DIRECTION ( 'NONE',  ( -0.000000000000000000, 1.000000000000000000, -0.000000000000000000 ) ) ;
#2362 = DIRECTION ( 'NONE',  ( -0.000000000000000000, -0.000000000000000000, 1.000000000000000000 ) ) ;
#2363 = ORIENTED_EDGE ( 'NONE', *, *, #1736, .F. ) ;
#2364 = CARTESIAN_POINT ( 'NONE',  ( -2.100000000000000089, 1.649999999999999911, 45.89999999999999858 ) ) ;
#2365 = VECTOR ( 'NONE', #1456, 1000.000000000000000 ) ;
#2366 = EDGE_CURVE ( 'NONE', #2261, #1353, #1121, .T. ) ;
#2367 = VERTEX_POINT ( 'NONE', #1876 ) ;
#2368 = AXIS2_PLACEMENT_3D ( 'NONE', #1441, #2628, #2473 ) ;
#2369 = DIRECTION ( 'NONE',  ( 0.000000000000000000, 0.000000000000000000, -1.000000000000000000 ) ) ;
#2370 = VECTOR ( 'NONE', #1502, 1000.000000000000000 ) ;
#2371 = ORIENTED_EDGE ( 'NONE', *, *, #1003, .F. ) ;
#2372 = EDGE_CURVE ( 'NONE', #1531, #675, #649, .T. ) ;
#2373 = DIRECTION ( 'NONE',  ( -0.000000000000000000, -1.000000000000000000, 0.000000000000000000 ) ) ;
#2374 = CARTESIAN_POINT ( 'NONE',  ( 51.50000000000000711, 1.850000000000000089, -39.89999999999999147 ) ) ;
#2375 = ORIENTED_EDGE ( 'NONE', *, *, #808, .T. ) ;
#2376 = DIRECTION ( 'NONE',  ( 0.000000000000000000, 0.000000000000000000, 1.000000000000000000 ) ) ;
#2377 = ORIENTED_EDGE ( 'NONE', *, *, #666, .F. ) ;
#2378 = LINE ( 'NONE', #2390, #630 ) ;
#2379 = ORIENTED_EDGE ( 'NONE', *, *, #890, .F. ) ;
#2380 = EDGE_CURVE ( 'NONE', #2012, #978, #1069, .T. ) ;
#2381 = CARTESIAN_POINT ( 'NONE',  ( 36.49999999999999289, 32.45069929215019044, 20.75000000000001066 ) ) ;
#2382 = ORIENTED_EDGE ( 'NONE', *, *, #1425, .F. ) ;
#2383 = EDGE_CURVE ( 'NONE', #1896, #1753, #1892, .T. ) ;
#2384 =( NAMED_UNIT ( * ) PLANE_ANGLE_UNIT ( ) SI_UNIT ( $, .RADIAN. ) );
#2385 = EDGE_LOOP ( 'NONE', ( #1492, #837 ) ) ;
#2386 = DIRECTION ( 'NONE',  ( 0.000000000000000000, 1.000000000000000000, 0.000000000000000000 ) ) ;
#2387 = DIRECTION ( 'NONE',  ( 0.000000000000000000, 0.7071067811865463515, -0.7071067811865487940 ) ) ;
#2388 = EDGE_CURVE ( 'NONE', #2566, #1391, #436, .T. ) ;
#2389 = ORIENTED_EDGE ( 'NONE', *, *, #1909, .T. ) ;
#2390 = CARTESIAN_POINT ( 'NONE',  ( 51.50000000000000711, 0.000000000000000000, -38.34999999999998721 ) ) ;
#2391 = EDGE_LOOP ( 'NONE', ( #603, #1821 ) ) ;
#2392 = EDGE_CURVE ( 'NONE', #1531, #25, #1219, .T. ) ;
#2393 = VERTEX_POINT ( 'NONE', #239 ) ;
#2394 = DIRECTION ( 'NONE',  ( -0.000000000000000000, -1.000000000000000000, -0.000000000000000000 ) ) ;
#2395 = PERSON_AND_ORGANIZATION ( #426, #2279 ) ;
#2396 = ORIENTED_EDGE ( 'NONE', *, *, #940, .F. ) ;
#2397 = AXIS2_PLACEMENT_3D ( 'NONE', #1337, #835, #1656 ) ;
#2398 = CARTESIAN_POINT ( 'NONE',  ( 51.50000000000000711, 3.850000000000000089, -34.59999999999999432 ) ) ;
#2399 = CARTESIAN_POINT ( 'NONE',  ( -22.49999999999998579, -2.600000000000000533, -11.74999999999999289 ) ) ;
#2400 = EDGE_CURVE ( 'NONE', #2248, #268, #1861, .T. ) ;
#2401 = AXIS2_PLACEMENT_3D ( 'NONE', #2501, #647, #2299 ) ;
#2402 = EDGE_LOOP ( 'NONE', ( #1799, #2405 ) ) ;
#2403 = LINE ( 'NONE', #1336, #1581 ) ;
#2404 = VECTOR ( 'NONE', #2068, 1000.000000000000000 ) ;
#2405 = ORIENTED_EDGE ( 'NONE', *, *, #2351, .F. ) ;
#2406 = VECTOR ( 'NONE', #994, 1000.000000000000000 ) ;
#2407 = LINE ( 'NONE', #1188, #1406 ) ;
#2408 = EDGE_LOOP ( 'NONE', ( #1642, #656, #1165, #732 ) ) ;
#2409 = AXIS2_PLACEMENT_3D ( 'NONE', #1993, #147, #964 ) ;
#2410 = CIRCLE ( 'NONE', #337, 2.000000000000001776 ) ;
#2411 = DATE_AND_TIME ( #1776, #1025 ) ;
#2412 = ORIENTED_EDGE ( 'NONE', *, *, #1816, .T. ) ;
#2413 = ORIENTED_EDGE ( 'NONE', *, *, #2641, .F. ) ;
#2414 = CC_DESIGN_APPROVAL ( #1201, ( #219 ) ) ;
#2415 = DIRECTION ( 'NONE',  ( 0.000000000000000000, 0.000000000000000000, 1.000000000000000000 ) ) ;
#2416 = DIRECTION ( 'NONE',  ( 0.000000000000000000, 0.000000000000000000, -1.000000000000000000 ) ) ;
#2417 = ORIENTED_EDGE ( 'NONE', *, *, #777, .F. ) ;
#2419 = ADVANCED_FACE ( 'NONE', ( #1850 ), #2301, .T. ) ;
#2418 = CARTESIAN_POINT ( 'NONE',  ( -52.89999999999999147, 3.850000000000000089, -43.89999999999999147 ) ) ;
#2420 = ORIENTED_EDGE ( 'NONE', *, *, #112, .F. ) ;
#2421 = CYLINDRICAL_SURFACE ( 'NONE', #757, 2.500000000000002220 ) ;
#2422 = DIRECTION ( 'NONE',  ( 0.000000000000000000, 0.000000000000000000, -1.000000000000000000 ) ) ;
#2423 = ORIENTED_EDGE ( 'NONE', *, *, #1765, .T. ) ;
#2424 = ADVANCED_FACE ( 'NONE', ( #49 ), #199, .T. ) ;
#2425 = PERSON_AND_ORGANIZATION ( #426, #2279 ) ;
#2426 = ORIENTED_EDGE ( 'NONE', *, *, #959, .T. ) ;
#2427 = CARTESIAN_POINT ( 'NONE',  ( 52.89999999999999147, 0.000000000000000000, 45.89999999999999858 ) ) ;
#2428 = DIRECTION ( 'NONE',  ( -0.000000000000000000, -1.000000000000000000, 0.000000000000000000 ) ) ;
#2429 = ORIENTED_EDGE ( 'NONE', *, *, #2383, .F. ) ;
#2430 = DIRECTION ( 'NONE',  ( -0.000000000000000000, 1.000000000000000000, -0.000000000000000000 ) ) ;
#2431 = LINE ( 'NONE', #1186, #718 ) ;
#2432 = CYLINDRICAL_SURFACE ( 'NONE', #676, 2.000000000000001776 ) ;
#2433 = EDGE_LOOP ( 'NONE', ( #2000, #188, #274, #1127 ) ) ;
#2434 =( LENGTH_UNIT ( ) NAMED_UNIT ( * ) SI_UNIT ( .MILLI., .METRE. ) );
#2435 = ORIENTED_EDGE ( 'NONE', *, *, #2197, .F. ) ;
#2436 = EDGE_LOOP ( 'NONE', ( #1893, #55, #324, #1258 ) ) ;
#2437 = CARTESIAN_POINT ( 'NONE',  ( -54.89999999999999147, 3.850000000000000089, -43.89999999999997726 ) ) ;
#2438 = CARTESIAN_POINT ( 'NONE',  ( -40.49999999999999289, 1.850000000000000089, -37.25000000000000000 ) ) ;
#2439 = CIRCLE ( 'NONE', #1009, 2.499999999999998668 ) ;
#2440 = VERTEX_POINT ( 'NONE', #864 ) ;
#2441 = CARTESIAN_POINT ( 'NONE',  ( -37.90000000000000568, 1.649999999999999467, 44.57279220613578730 ) ) ;
#2442 = CARTESIAN_POINT ( 'NONE',  ( 12.50000000000001066, -2.600000000000000533, 11.25000000000001066 ) ) ;
#2443 = AXIS2_PLACEMENT_3D ( 'NONE', #1103, #2321, #2521 ) ;
#2444 = AXIS2_PLACEMENT_3D ( 'NONE', #2548, #1878, #1520 ) ;
#2445 = EDGE_CURVE ( 'NONE', #1401, #2245, #2582, .T. ) ;
#2446 = ORIENTED_EDGE ( 'NONE', *, *, #4, .T. ) ;
#2447 = FACE_OUTER_BOUND ( 'NONE', #249, .T. ) ;
#2448 = EDGE_CURVE ( 'NONE', #1290, #146, #6, .T. ) ;
#2449 = AXIS2_PLACEMENT_3D ( 'NONE', #661, #5, #648 ) ;
#2450 = EDGE_LOOP ( 'NONE', ( #363, #1237, #1962, #2638, #905, #2186 ) ) ;
#2451 = AXIS2_PLACEMENT_3D ( 'NONE', #579, #569, #999 ) ;
#2452 = DIRECTION ( 'NONE',  ( -1.000000000000000000, 0.000000000000000000, 0.000000000000000000 ) ) ;
#2453 = DIRECTION ( 'NONE',  ( -0.000000000000000000, 1.000000000000000000, -0.000000000000000000 ) ) ;
#2454 = VECTOR ( 'NONE', #1919, 1000.000000000000000 ) ;
#2455 = ORIENTED_EDGE ( 'NONE', *, *, #2304, .F. ) ;
#2456 = DIRECTION ( 'NONE',  ( -0.000000000000000000, 1.000000000000000000, -0.000000000000000000 ) ) ;
#2457 = DIRECTION ( 'NONE',  ( 0.000000000000000000, -1.000000000000000000, 0.000000000000000000 ) ) ;
#2458 = ORIENTED_EDGE ( 'NONE', *, *, #623, .T. ) ;
#2459 = ADVANCED_FACE ( 'NONE', ( #662 ), #812, .F. ) ;
#2460 = CARTESIAN_POINT ( 'NONE',  ( -28.49999999999999289, -2.600000000000000533, 38.89999999999999858 ) ) ;
#2461 = ORIENTED_EDGE ( 'NONE', *, *, #1385, .T. ) ;
#2462 = EDGE_CURVE ( 'NONE', #1734, #2545, #2247, .T. ) ;
#2463 = DIRECTION ( 'NONE',  ( -0.000000000000000000, 1.000000000000000000, -0.000000000000000000 ) ) ;
#2464 = CARTESIAN_POINT ( 'NONE',  ( -7.499999999999985789, -2.600000000000000533, -39.74999999999997868 ) ) ;
#2465 = ADVANCED_FACE ( 'NONE', ( #218 ), #392, .T. ) ;
#2466 = EDGE_LOOP ( 'NONE', ( #1396, #2512, #2413, #2090 ) ) ;
#2467 = EDGE_CURVE ( 'NONE', #965, #1846, #1234, .T. ) ;
#2468 = CARTESIAN_POINT ( 'NONE',  ( -28.49999999999999289, -2.600000000000000533, 38.89999999999999858 ) ) ;
#2469 = DIRECTION ( 'NONE',  ( -0.000000000000000000, 1.000000000000000000, -0.000000000000000000 ) ) ;
#2470 = EDGE_LOOP ( 'NONE', ( #1871, #2357, #258, #532 ) ) ;
#2471 = CARTESIAN_POINT ( 'NONE',  ( 54.90000000000000568, 3.850000000000000089, -43.89999999999997726 ) ) ;
#2472 = CARTESIAN_POINT ( 'NONE',  ( -52.89999999999997726, 0.000000000000000000, -45.89999999999999858 ) ) ;
#2473 = DIRECTION ( 'NONE',  ( 0.000000000000000000, 0.000000000000000000, 1.000000000000000000 ) ) ;
#2474 = CARTESIAN_POINT ( 'NONE',  ( -11.49999999999999289, 0.000000000000000000, 17.25000000000001066 ) ) ;
#2475 = EDGE_CURVE ( 'NONE', #1689, #1368, #423, .T. ) ;
#2476 = CIRCLE ( 'NONE', #1700, 4.500000000000001776 ) ;
#2477 = DIRECTION ( 'NONE',  ( 0.000000000000000000, -1.000000000000000000, 0.000000000000000000 ) ) ;
#2478 = LINE ( 'NONE', #1662, #1016 ) ;
#2479 = VECTOR ( 'NONE', #621, 1000.000000000000000 ) ;
#2480 = VERTEX_POINT ( 'NONE', #2474 ) ;
#2481 = VECTOR ( 'NONE', #349, 1000.000000000000000 ) ;
#2482 = ORIENTED_EDGE ( 'NONE', *, *, #1595, .T. ) ;
#2483 = CARTESIAN_POINT ( 'NONE',  ( 51.50000000000000711, -2.600000000000000533, -34.74999999999998579 ) ) ;
#2484 = AXIS2_PLACEMENT_3D ( 'NONE', #1733, #1552, #2576 ) ;
#2485 = CARTESIAN_POINT ( 'NONE',  ( 54.90000000000000568, 3.850000000000000089, -43.89999999999997726 ) ) ;
#2486 = CARTESIAN_POINT ( 'NONE',  ( -42.10000000000000853, 1.649999999999999911, 45.89999999999999858 ) ) ;
#2487 = CARTESIAN_POINT ( 'NONE',  ( -52.89999999999997726, 3.850000000000000089, -45.89999999999999858 ) ) ;
#2488 = DIRECTION ( 'NONE',  ( -0.000000000000000000, 1.000000000000000000, -0.000000000000000000 ) ) ;
#2489 = VECTOR ( 'NONE', #654, 1000.000000000000000 ) ;
#2490 = CARTESIAN_POINT ( 'NONE',  ( 36.49999999999999289, 0.000000000000000000, 43.75000000000002132 ) ) ;
#2491 = ORIENTED_EDGE ( 'NONE', *, *, #1057, .F. ) ;
#2492 = VECTOR ( 'NONE', #229, 1000.000000000000000 ) ;
#2493 = ADVANCED_FACE ( 'NONE', ( #2503 ), #834, .T. ) ;
#2494 = DIRECTION ( 'NONE',  ( 0.000000000000000000, -1.000000000000000000, 0.000000000000000000 ) ) ;
#2495 = DIRECTION ( 'NONE',  ( 0.000000000000000000, -1.000000000000000000, 0.000000000000000000 ) ) ;
#2496 = DIRECTION ( 'NONE',  ( -0.000000000000000000, -1.000000000000000000, 0.000000000000000000 ) ) ;
#2497 = ORIENTED_EDGE ( 'NONE', *, *, #2372, .F. ) ;
#2498 = EDGE_LOOP ( 'NONE', ( #513, #345 ) ) ;
#2499 = DIRECTION ( 'NONE',  ( -0.000000000000000000, 1.000000000000000000, -0.000000000000000000 ) ) ;
#2500 = ADVANCED_FACE ( 'NONE', ( #2085 ), #17, .F. ) ;
#2501 = CARTESIAN_POINT ( 'NONE',  ( -40.49999999999999289, -2.600000000000000533, -37.25000000000000000 ) ) ;
#2502 = FACE_OUTER_BOUND ( 'NONE', #2074, .T. ) ;
#2503 = FACE_OUTER_BOUND ( 'NONE', #625, .T. ) ;
#2504 = EDGE_LOOP ( 'NONE', ( #1685, #961, #1825, #125 ) ) ;
#2505 = FACE_OUTER_BOUND ( 'NONE', #2295, .T. ) ;
#2506 = EDGE_LOOP ( 'NONE', ( #549, #155, #665, #799 ) ) ;
#2507 = CARTESIAN_POINT ( 'NONE',  ( 2.100000000000000089, 3.850000000000000089, 43.29999999999999716 ) ) ;
#2508 = DIRECTION ( 'NONE',  ( -0.000000000000000000, -1.000000000000000000, -0.000000000000000000 ) ) ;
#2509 = PLANE ( 'NONE',  #2017 ) ;
#2510 = EDGE_CURVE ( 'NONE', #2118, #1401, #1697, .T. ) ;
#2511 = EDGE_LOOP ( 'NONE', ( #2396, #716, #169, #2277, #689 ) ) ;
#2512 = ORIENTED_EDGE ( 'NONE', *, *, #2595, .F. ) ;
#2513 = DIRECTION ( 'NONE',  ( 1.000000000000000000, 0.000000000000000000, 0.000000000000000000 ) ) ;
#2514 = ORIENTED_EDGE ( 'NONE', *, *, #386, .F. ) ;
#2515 = EDGE_CURVE ( 'NONE', #729, #1886, #910, .T. ) ;
#2516 = DIRECTION ( 'NONE',  ( 0.000000000000000000, 0.000000000000000000, -1.000000000000000000 ) ) ;
#2517 = CARTESIAN_POINT ( 'NONE',  ( -22.49999999999998579, -2.600000000000000533, -16.74999999999998934 ) ) ;
#2518 = CARTESIAN_POINT ( 'NONE',  ( 47.50000000000001421, -2.600000000000000533, 28.75000000000001776 ) ) ;
#2519 = ORIENTED_EDGE ( 'NONE', *, *, #1306, .F. ) ;
#2520 = LINE ( 'NONE', #1122, #1102 ) ;
#2521 = DIRECTION ( 'NONE',  ( -1.000000000000000000, 0.000000000000000000, -2.040851148208008491E-16 ) ) ;
#2522 = DIRECTION ( 'NONE',  ( 0.000000000000000000, -1.000000000000000000, 0.000000000000000000 ) ) ;
#2523 = ORIENTED_EDGE ( 'NONE', *, *, #1114, .F. ) ;
#2524 = ORIENTED_EDGE ( 'NONE', *, *, #444, .F. ) ;
#2525 = LINE ( 'NONE', #1514, #2574 ) ;
#2526 = AXIS2_PLACEMENT_3D ( 'NONE', #237, #1053, #572 ) ;
#2527 = LINE ( 'NONE', #462, #2311 ) ;
#2528 = ADVANCED_FACE ( 'NONE', ( #2569 ), #2139, .T. ) ;
#2529 = CARTESIAN_POINT ( 'NONE',  ( -54.89999999999999147, 3.850000000000000089, 43.89999999999997726 ) ) ;
#2530 = DIRECTION ( 'NONE',  ( 0.000000000000000000, 0.000000000000000000, 1.000000000000000000 ) ) ;
#2531 = ORIENTED_EDGE ( 'NONE', *, *, #2366, .F. ) ;
#2532 = DIRECTION ( 'NONE',  ( -0.000000000000000000, 1.000000000000000000, -0.000000000000000000 ) ) ;
#2533 = CARTESIAN_POINT ( 'NONE',  ( -37.90000000000000568, 3.850000000000000089, 45.89999999999999858 ) ) ;
#2534 = CIRCLE ( 'NONE', #2659, 2.000000000000001776 ) ;
#2535 = VECTOR ( 'NONE', #2599, 1000.000000000000000 ) ;
#2536 = LINE ( 'NONE', #1523, #1875 ) ;
#2537 = FACE_OUTER_BOUND ( 'NONE', #1668, .T. ) ;
#2538 = LOCAL_TIME ( 0, 3, 8.000000000000000000, #770 ) ;
#2539 = ORIENTED_EDGE ( 'NONE', *, *, #395, .T. ) ;
#2540 = VERTEX_POINT ( 'NONE', #1728 ) ;
#2541 = FACE_OUTER_BOUND ( 'NONE', #2121, .T. ) ;
#2542 = EDGE_CURVE ( 'NONE', #1763, #146, #769, .T. ) ;
#2543 = CARTESIAN_POINT ( 'NONE',  ( 47.50000000000001421, 0.000000000000000000, 28.75000000000001776 ) ) ;
#2544 = CARTESIAN_POINT ( 'NONE',  ( -11.49999999999999289, -2.600000000000000533, 19.75000000000001066 ) ) ;
#2545 = VERTEX_POINT ( 'NONE', #2341 ) ;
#2546 = CARTESIAN_POINT ( 'NONE',  ( -1.499999999999994449, -2.600000000000000533, 36.89999999999999858 ) ) ;
#2547 = EDGE_CURVE ( 'NONE', #859, #2230, #1907, .T. ) ;
#2548 = CARTESIAN_POINT ( 'NONE',  ( -52.89999999999997726, 3.850000000000000089, -45.89999999999999858 ) ) ;
#2549 = LINE ( 'NONE', #915, #2010 ) ;
#2550 = VERTEX_POINT ( 'NONE', #2112 ) ;
#2551 = DIRECTION ( 'NONE',  ( 1.000000000000000000, -0.000000000000000000, -0.000000000000000000 ) ) ;
#2552 = EDGE_CURVE ( 'NONE', #2570, #2440, #2623, .T. ) ;
#2553 = VERTEX_POINT ( 'NONE', #935 ) ;
#2554 = FACE_OUTER_BOUND ( 'NONE', #408, .T. ) ;
#2555 = FACE_OUTER_BOUND ( 'NONE', #1511, .T. ) ;
#2556 = DIRECTION ( 'NONE',  ( 0.000000000000000000, 0.000000000000000000, 1.000000000000000000 ) ) ;
#2557 = DIRECTION ( 'NONE',  ( 0.000000000000000000, 0.000000000000000000, -1.000000000000000000 ) ) ;
#2558 = VERTEX_POINT ( 'NONE', #1716 ) ;
#2559 = FACE_OUTER_BOUND ( 'NONE', #1464, .T. ) ;
#2560 = MANIFOLD_SOLID_BREP ( '切除-拉伸8', #1822 ) ;
#2561 = CARTESIAN_POINT ( 'NONE',  ( -22.49999999999998579, 0.000000000000000000, -14.24999999999999112 ) ) ;
#2562 = DIRECTION ( 'NONE',  ( 0.000000000000000000, -1.000000000000000000, 0.000000000000000000 ) ) ;
#2563 = VERTEX_POINT ( 'NONE', #2586 ) ;
#2565 = EDGE_CURVE ( 'NONE', #965, #246, #1314, .T. ) ;
#2564 = CARTESIAN_POINT ( 'NONE',  ( -37.90000000000000568, 3.850000000000000089, 43.29999999999999716 ) ) ;
#2566 = VERTEX_POINT ( 'NONE', #2166 ) ;
#2567 = DIRECTION ( 'NONE',  ( -1.000000000000000000, 0.000000000000000000, 0.000000000000000000 ) ) ;
#2568 = DIRECTION ( 'NONE',  ( 1.000000000000000000, -0.000000000000000000, 2.040851148208008491E-16 ) ) ;
#2569 = FACE_OUTER_BOUND ( 'NONE', #2433, .T. ) ;
#2570 = VERTEX_POINT ( 'NONE', #1345 ) ;
#2571 = AXIS2_PLACEMENT_3D ( 'NONE', #1695, #1084, #1041 ) ;
#2572 = DIRECTION ( 'NONE',  ( 0.000000000000000000, -3.267618461850093704E-16, -1.000000000000000000 ) ) ;
#2573 = CARTESIAN_POINT ( 'NONE',  ( -42.10000000000000853, 2.922792206135786053, 43.29999999999999716 ) ) ;
#2574 = VECTOR ( 'NONE', #1726, 1000.000000000000000 ) ;
#2575 = CIRCLE ( 'NONE', #84, 1.099999999999996758 ) ;
#2576 = DIRECTION ( 'NONE',  ( 0.000000000000000000, 0.000000000000000000, -1.000000000000000000 ) ) ;
#2577 = ORIENTED_EDGE ( 'NONE', *, *, #666, .T. ) ;
#2578 = DIRECTION ( 'NONE',  ( -0.000000000000000000, 1.000000000000000000, -0.000000000000000000 ) ) ;
#2579 = AXIS2_PLACEMENT_3D ( 'NONE', #669, #1899, #1266 ) ;
#2580 = ORIENTED_EDGE ( 'NONE', *, *, #1038, .T. ) ;
#2581 = EDGE_CURVE ( 'NONE', #1015, #2248, #280, .T. ) ;
#2582 = CIRCLE ( 'NONE', #1497, 1.099999999999996758 ) ;
#2583 = LINE ( 'NONE', #1564, #460 ) ;
#2584 = AXIS2_PLACEMENT_3D ( 'NONE', #1086, #63, #2530 ) ;
#2585 = EDGE_LOOP ( 'NONE', ( #2382, #652, #972, #1144, #2640, #2379, #2363 ) ) ;
#2586 = CARTESIAN_POINT ( 'NONE',  ( 12.50000000000001066, 0.000000000000000000, 6.250000000000008882 ) ) ;
#2587 = ORIENTED_EDGE ( 'NONE', *, *, #1218, .T. ) ;
#2588 = EDGE_CURVE ( 'NONE', #308, #2563, #1948, .T. ) ;
#2589 = CARTESIAN_POINT ( 'NONE',  ( -40.49999999999999289, -2.600000000000000533, -39.75000000000000000 ) ) ;
#2590 = DIRECTION ( 'NONE',  ( -0.000000000000000000, -1.000000000000000000, -0.000000000000000000 ) ) ;
#2591 = ORIENTED_EDGE ( 'NONE', *, *, #2351, .T. ) ;
#2592 = EDGE_LOOP ( 'NONE', ( #1694, #2420, #877, #1978, #129 ) ) ;
#2593 = DIRECTION ( 'NONE',  ( -0.000000000000000000, 1.000000000000000000, -0.000000000000000000 ) ) ;
#2594 = EDGE_LOOP ( 'NONE', ( #1498, #865, #1163, #2172 ) ) ;
#2595 = EDGE_CURVE ( 'NONE', #399, #1954, #109, .T. ) ;
#2596 = CARTESIAN_POINT ( 'NONE',  ( 0.000000000000000000, 0.000000000000000000, 0.000000000000000000 ) ) ;
#2597 = ORIENTED_EDGE ( 'NONE', *, *, #2262, .T. ) ;
#2598 = LINE ( 'NONE', #914, #1783 ) ;
#2599 = DIRECTION ( 'NONE',  ( -1.000000000000000000, -0.000000000000000000, -0.000000000000000000 ) ) ;
#2600 = ORIENTED_EDGE ( 'NONE', *, *, #488, .T. ) ;
#2601 = CARTESIAN_POINT ( 'NONE',  ( -42.10000000000000853, 3.850000000000000089, 45.89999999999999858 ) ) ;
#2602 = ORIENTED_EDGE ( 'NONE', *, *, #1376, .T. ) ;
#2603 = PLANE ( 'NONE',  #250 ) ;
#2604 = EDGE_CURVE ( 'NONE', #598, #2051, #2356, .T. ) ;
#2605 = EDGE_LOOP ( 'NONE', ( #942, #1382, #2519, #214 ) ) ;
#2606 = CIRCLE ( 'NONE', #2315, 2.649999999999999467 ) ;
#2607 = ADVANCED_FACE ( 'NONE', ( #2329 ), #98, .F. ) ;
#2608 = DIRECTION ( 'NONE',  ( -0.000000000000000000, 0.000000000000000000, 1.000000000000000000 ) ) ;
#2609 = CIRCLE ( 'NONE', #22, 2.500000000000000444 ) ;
#2610 = DIRECTION ( 'NONE',  ( 0.000000000000000000, 0.000000000000000000, -1.000000000000000000 ) ) ;
#2611 = CIRCLE ( 'NONE', #2048, 2.499999999999998668 ) ;
#2612 = ORIENTED_EDGE ( 'NONE', *, *, #1293, .F. ) ;
#2613 = DIRECTION ( 'NONE',  ( 0.000000000000000000, 0.000000000000000000, -1.000000000000000000 ) ) ;
#2614 = VECTOR ( 'NONE', #1303, 1000.000000000000000 ) ;
#2615 = AXIS2_PLACEMENT_3D ( 'NONE', #1168, #1996, #1591 ) ;
#2616 = CARTESIAN_POINT ( 'NONE',  ( -22.49999999999998579, -2.600000000000000533, -14.24999999999999112 ) ) ;
#2617 = CARTESIAN_POINT ( 'NONE',  ( -52.89999999999997726, 3.850000000000000089, 45.89999999999999858 ) ) ;
#2618 = AXIS2_PLACEMENT_3D ( 'NONE', #2323, #1128, #1724 ) ;
#2619 = VECTOR ( 'NONE', #1469, 1000.000000000000000 ) ;
#2620 = DIRECTION ( 'NONE',  ( -1.000000000000000000, 0.000000000000000000, -2.040851148208008491E-16 ) ) ;
#2621 = ORIENTED_EDGE ( 'NONE', *, *, #1, .F. ) ;
#2622 = EDGE_CURVE ( 'NONE', #2633, #2338, #806, .T. ) ;
#2623 = CIRCLE ( 'NONE', #1623, 2.000000000000001776 ) ;
#2624 = DIRECTION ( 'NONE',  ( -0.000000000000000000, 0.000000000000000000, 1.000000000000000000 ) ) ;
#2625 = CARTESIAN_POINT ( 'NONE',  ( -40.49999999999999289, -2.600000000000000533, -37.25000000000000000 ) ) ;
#2626 = EDGE_CURVE ( 'NONE', #1886, #2629, #636, .T. ) ;
#2627 = VERTEX_POINT ( 'NONE', #505 ) ;
#2628 = DIRECTION ( 'NONE',  ( -0.000000000000000000, 1.000000000000000000, -0.000000000000000000 ) ) ;
#2629 = VERTEX_POINT ( 'NONE', #311 ) ;
#2630 = CYLINDRICAL_SURFACE ( 'NONE', #158, 2.649999999999999467 ) ;
#2631 = CARTESIAN_POINT ( 'NONE',  ( -52.89999999999999147, 2.650000000000000355, 43.89999999999999147 ) ) ;
#2632 = ORIENTED_EDGE ( 'NONE', *, *, #1916, .T. ) ;
#2633 = VERTEX_POINT ( 'NONE', #2374 ) ;
#2634 = CALENDAR_DATE ( 2025, 24, 9 ) ;
#2635 = ORIENTED_EDGE ( 'NONE', *, *, #2467, .F. ) ;
#2636 = FACE_OUTER_BOUND ( 'NONE', #1129, .T. ) ;
#2637 = DIRECTION ( 'NONE',  ( 0.000000000000000000, -0.000000000000000000, -1.000000000000000000 ) ) ;
#2638 = ORIENTED_EDGE ( 'NONE', *, *, #559, .F. ) ;
#2639 = ORIENTED_EDGE ( 'NONE', *, *, #1499, .T. ) ;
#2640 = ORIENTED_EDGE ( 'NONE', *, *, #2547, .F. ) ;
#2641 = EDGE_CURVE ( 'NONE', #2132, #399, #1373, .T. ) ;
#2642 = CARTESIAN_POINT ( 'NONE',  ( 52.90000000000000568, 0.000000000000000000, -43.89999999999999147 ) ) ;
#2643 = DIRECTION ( 'NONE',  ( 0.000000000000000000, -1.000000000000000000, 0.000000000000000000 ) ) ;
#2644 = ORIENTED_EDGE ( 'NONE', *, *, #1565, .T. ) ;
#2645 = DIRECTION ( 'NONE',  ( 0.000000000000000000, 0.000000000000000000, -1.000000000000000000 ) ) ;
#2646 = LINE ( 'NONE', #1848, #715 ) ;
#2647 = CARTESIAN_POINT ( 'NONE',  ( -42.10000000000000853, 3.850000000000000089, 43.29999999999999716 ) ) ;
#2648 = ORIENTED_EDGE ( 'NONE', *, *, #803, .T. ) ;
#2649 = EDGE_CURVE ( 'NONE', #1138, #1772, #119, .T. ) ;
#2650 = AXIS2_PLACEMENT_3D ( 'NONE', #773, #1593, #988 ) ;
#2651 = CIRCLE ( 'NONE', #201, 2.500000000000002220 ) ;
#2652 = FACE_OUTER_BOUND ( 'NONE', #1298, .T. ) ;
#2653 = CARTESIAN_POINT ( 'NONE',  ( -1.499999999999994449, -2.600000000000000533, 40.89999999999999858 ) ) ;
#2654 = VECTOR ( 'NONE', #2031, 1000.000000000000000 ) ;
#2655 = AXIS2_PLACEMENT_3D ( 'NONE', #515, #289, #1112 ) ;
#2656 = EDGE_CURVE ( 'NONE', #2072, #281, #1367, .T. ) ;
#2657 = ORIENTED_EDGE ( 'NONE', *, *, #1022, .T. ) ;
#2658 = DIRECTION ( 'NONE',  ( 0.000000000000000000, 1.000000000000000000, 0.000000000000000000 ) ) ;
#2659 = AXIS2_PLACEMENT_3D ( 'NONE', #863, #850, #1681 ) ;
#2660 = EDGE_CURVE ( 'NONE', #415, #52, #425, .T. ) ;
#2661 = VECTOR ( 'NONE', #2019, 1000.000000000000000 ) ;
#2662 = DIRECTION ( 'NONE',  ( 0.000000000000000000, 0.000000000000000000, 1.000000000000000000 ) ) ;
#2663 = DIRECTION ( 'NONE',  ( 0.000000000000000000, 0.000000000000000000, 1.000000000000000000 ) ) ;
#2664 = ORIENTED_EDGE ( 'NONE', *, *, #616, .T. ) ;
#2665 = VECTOR ( 'NONE', #1530, 1000.000000000000000 ) ;
#2666 = EDGE_CURVE ( 'NONE', #2022, #1920, #592, .T. ) ;
#2667 = EDGE_LOOP ( 'NONE', ( #2308, #903, #792, #373 ) ) ;
#2668 = EDGE_CURVE ( 'NONE', #2245, #1401, #132, .T. ) ;
#2669 = FACE_OUTER_BOUND ( 'NONE', #1900, .T. ) ;
#2670 = DIRECTION ( 'NONE',  ( -0.000000000000000000, -1.000000000000000000, -0.000000000000000000 ) ) ;
#2671 = LINE ( 'NONE', #2442, #166 ) ;
#2672 = EDGE_LOOP ( 'NONE', ( #1245, #68, #2294, #892 ) ) ;
ENDSEC;
END-ISO-10303-21;
